subject_id,condition,goal_percent,phase,phase_label,component,component_label,mean_force,impulse,peak_positive,peak_negative,Speed,goal_scaled_20
1,Baseline,0,loading_response,Loading response,apgrf_norm_mean,APGRF,-0.0804461043195489,-0.0114784652395907,0.0581112173914849,-0.1447722988121121,1.15,0.0
1,Baseline,0,loading_response,Loading response,ml_outward,ML outward,0.0086642358634849,0.0010673126909234,0.0505970066394135,-0.0414790077384067,1.15,0.0
1,Baseline,0,loading_response,Loading response,vgrf_norm_mean,Vertical GRF,0.5840019610794123,0.0826981786793106,0.9537293962291912,0.0266937002910417,1.15,0.0
1,Baseline,0,midstance,Midstance,apgrf_norm_mean,APGRF,-0.051854785409017,-0.009779192405802,0.0015574731514155,-0.1199104083516907,1.15,0.0
1,Baseline,0,midstance,Midstance,ml_outward,ML outward,0.0341990062055765,0.0064849531808239,0.046085724068705,0.0248838879895692,1.15,0.0
1,Baseline,0,midstance,Midstance,vgrf_norm_mean,Vertical GRF,0.7968706004796495,0.1510477165555688,0.9681787092101576,0.6857753597684613,1.15,0.0
1,Baseline,0,pre_swing,Pre-swing,apgrf_norm_mean,APGRF,0.0748793788355702,0.0106699384555217,0.1374298255943333,-0.0032922705780631,1.15,0.0
1,Baseline,0,pre_swing,Pre-swing,ml_outward,ML outward,0.0119002583894543,0.0015650503501555,0.0423522487817558,-0.0098169161884367,1.15,0.0
1,Baseline,0,pre_swing,Pre-swing,vgrf_norm_mean,Vertical GRF,0.4778201083749963,0.0666857577563917,0.9247916689777532,0.072660030993792,1.15,0.0
1,Baseline,0,terminal_stance,Terminal stance,apgrf_norm_mean,APGRF,0.0539996358034582,0.0075488750798304,0.1038906448505987,0.0063234132870624,1.15,0.0
1,Baseline,0,terminal_stance,Terminal stance,ml_outward,ML outward,0.0373646871781929,0.0052608652416166,0.0460754187167224,0.0249138908222191,1.15,0.0
1,Baseline,0,terminal_stance,Terminal stance,vgrf_norm_mean,Vertical GRF,0.8335146689706767,0.1167782021899169,0.943295194017683,0.7111156365110982,1.15,0.0
1,MTR20,20,loading_response,Loading response,apgrf_norm_mean,APGRF,-0.1047375541684721,-0.0148968332499997,0.0342573496619664,-0.1781868044665893,1.25,1.0
1,MTR20,20,loading_response,Loading response,ml_outward,ML outward,0.0257283160460639,0.0034999736082679,0.0780617663258856,-0.0307083012894392,1.25,1.0
1,MTR20,20,loading_response,Loading response,vgrf_norm_mean,Vertical GRF,0.7255190347176373,0.1030319256247117,1.1354480781624037,0.0267821073430242,1.25,1.0
1,MTR20,20,midstance,Midstance,apgrf_norm_mean,APGRF,-0.0700701726760782,-0.0132590462241638,0.0057049089194202,-0.1567025711297876,1.25,1.0
1,MTR20,20,midstance,Midstance,ml_outward,ML outward,0.0504406388945585,0.0095509785259783,0.0698891090962664,0.0391183640201061,1.25,1.0
1,MTR20,20,midstance,Midstance,vgrf_norm_mean,Vertical GRF,0.8358362328706189,0.1580899977054979,1.1250847888788535,0.6687324960653305,1.25,1.0
1,MTR20,20,pre_swing,Pre-swing,apgrf_norm_mean,APGRF,0.0922220702956724,0.0129338112981107,0.1950315715533276,-0.0006216409656037,1.25,1.0
1,MTR20,20,pre_swing,Pre-swing,ml_outward,ML outward,0.0131767429866678,0.0017400624999399,0.0470723369415609,-0.0066080738032284,1.25,1.0
1,MTR20,20,pre_swing,Pre-swing,vgrf_norm_mean,Vertical GRF,0.371005255429028,0.0509532778174923,0.9349781913284012,0.0045239080439714,1.25,1.0
1,MTR20,20,terminal_stance,Terminal stance,apgrf_norm_mean,APGRF,0.083629308536365,0.0116291365255241,0.1701466161861605,0.0129053347999616,1.25,1.0
1,MTR20,20,terminal_stance,Terminal stance,ml_outward,ML outward,0.0453886765250285,0.0063684908612301,0.0515627752810975,0.0382526347408055,1.25,1.0
1,MTR20,20,terminal_stance,Terminal stance,vgrf_norm_mean,Vertical GRF,0.8806315247888079,0.1237070569402727,1.0131163935585392,0.7047908018478313,1.25,1.0
1,MTR40,40,loading_response,Loading response,apgrf_norm_mean,APGRF,-0.1121034875706368,-0.0159335271010199,0.0316192843434254,-0.1902729015982824,1.32,2.0
1,MTR40,40,loading_response,Loading response,ml_outward,ML outward,0.0227090508660241,0.0030558739863273,0.0782897030150363,-0.0373927855787651,1.32,2.0
1,MTR40,40,loading_response,Loading response,vgrf_norm_mean,Vertical GRF,0.7554648094551544,0.1073804172833242,1.1664642539198624,0.0267853746739013,1.32,2.0
1,MTR40,40,midstance,Midstance,apgrf_norm_mean,APGRF,-0.0708219690894693,-0.0133655559971109,0.0065968737790924,-0.1663644379356772,1.32,2.0
1,MTR40,40,midstance,Midstance,ml_outward,ML outward,0.0468292198258269,0.0088521343497176,0.0685629669625781,0.035890028444958,1.32,2.0
1,MTR40,40,midstance,Midstance,vgrf_norm_mean,Vertical GRF,0.8206739124939005,0.1551002985244651,1.1512172056243295,0.6192890721849791,1.32,2.0
1,MTR40,40,pre_swing,Pre-swing,apgrf_norm_mean,APGRF,0.0943505302893837,0.013214638781238,0.2035748772830601,-0.0006111688972857,1.32,2.0
1,MTR40,40,pre_swing,Pre-swing,ml_outward,ML outward,0.0112687443917914,0.0014786545393286,0.0422945481032453,-0.0080224096712484,1.32,2.0
1,MTR40,40,pre_swing,Pre-swing,vgrf_norm_mean,Vertical GRF,0.3684381027439801,0.0505826171545525,0.9318908586044772,0.0047287928044103,1.32,2.0
1,MTR40,40,terminal_stance,Terminal stance,apgrf_norm_mean,APGRF,0.0835372252235086,0.0115905556801806,0.1765670514971875,0.0114385691719366,1.32,2.0
1,MTR40,40,terminal_stance,Terminal stance,ml_outward,ML outward,0.040212784868125,0.0056303973114108,0.0459108489593759,0.0346865177461349,1.32,2.0
1,MTR40,40,terminal_stance,Terminal stance,vgrf_norm_mean,Vertical GRF,0.8706805778231457,0.122380436654485,1.016986798808145,0.6748912500378721,1.32,2.0
1,MTR60,60,loading_response,Loading response,apgrf_norm_mean,APGRF,-0.1170431768455667,-0.0166254042826591,0.0310233272307173,-0.1987860298019203,1.4,3.0
1,MTR60,60,loading_response,Loading response,ml_outward,ML outward,0.0244332237575744,0.0032988325543719,0.0814247944264931,-0.0343125141113752,1.4,3.0
1,MTR60,60,loading_response,Loading response,vgrf_norm_mean,Vertical GRF,0.7948100401260232,0.1131293581071335,1.1958842643086682,0.0267388818347418,1.4,3.0
1,MTR60,60,midstance,Midstance,apgrf_norm_mean,APGRF,-0.0659252026117034,-0.0123499439394787,0.0085729564204103,-0.1721949168264631,1.4,3.0
1,MTR60,60,midstance,Midstance,ml_outward,ML outward,0.0465122768351072,0.008767756225215,0.0679241269258331,0.036394394591532,1.4,3.0
1,MTR60,60,midstance,Midstance,vgrf_norm_mean,Vertical GRF,0.8014769561327018,0.1512725558703577,1.17231730428724,0.589781524523892,1.4,3.0
1,MTR60,60,pre_swing,Pre-swing,apgrf_norm_mean,APGRF,0.0886305333336689,0.0123240011239432,0.2030480580642028,-5.3466302865409394e-05,1.4,3.0
1,MTR60,60,pre_swing,Pre-swing,ml_outward,ML outward,0.0102908582280054,0.0013448440404381,0.0388784529059463,-0.0061314478268396,1.4,3.0
1,MTR60,60,pre_swing,Pre-swing,vgrf_norm_mean,Vertical GRF,0.3566877948342527,0.0489291451023205,0.8945644458650452,0.0202403786984296,1.4,3.0
1,MTR60,60,terminal_stance,Terminal stance,apgrf_norm_mean,APGRF,0.0861624374674187,0.0119614527949736,0.1835502879656382,0.0090322770621899,1.4,3.0
1,MTR60,60,terminal_stance,Terminal stance,ml_outward,ML outward,0.0375166296616876,0.0052337813999088,0.0433407383757022,0.0319447624887016,1.4,3.0
1,MTR60,60,terminal_stance,Terminal stance,vgrf_norm_mean,Vertical GRF,0.8505057106624312,0.1196211698235074,0.992358911542908,0.6541358368787631,1.4,3.0
1,MTR80,80,loading_response,Loading response,apgrf_norm_mean,APGRF,-0.145848651825693,-0.02082035982333,0.0136469259591568,-0.2364765627918395,1.64,4.0
1,MTR80,80,loading_response,Loading response,ml_outward,ML outward,0.0237323457643631,0.0031657188245388,0.0840739535300564,-0.0404940629371456,1.64,4.0
1,MTR80,80,loading_response,Loading response,vgrf_norm_mean,Vertical GRF,0.8755042500629953,0.12501098921015,1.248465600417037,0.026835586089331,1.64,4.0
1,MTR80,80,midstance,Midstance,apgrf_norm_mean,APGRF,-0.0668045225147263,-0.0124548748122816,0.0053834257182606,-0.1865893638509833,1.64,4.0
1,MTR80,80,midstance,Midstance,ml_outward,ML outward,0.0458473739261774,0.0086357575957312,0.0711608029615084,0.0346372499609768,1.64,4.0
1,MTR80,80,midstance,Midstance,vgrf_norm_mean,Vertical GRF,0.7529747505727085,0.1416893908920367,1.2051792172824751,0.5255427232364337,1.64,4.0
1,MTR80,80,pre_swing,Pre-swing,apgrf_norm_mean,APGRF,0.0983114579847557,0.0136033802760997,0.2373716039479658,-0.0016392122697538,1.64,4.0
1,MTR80,80,pre_swing,Pre-swing,ml_outward,ML outward,0.0077022331215202,0.0009840563378281,0.0335137999579893,-0.0074501922099267,1.64,4.0
1,MTR80,80,pre_swing,Pre-swing,vgrf_norm_mean,Vertical GRF,0.3457915717700964,0.0471095533318972,0.9369975393976978,0.0148389473257548,1.64,4.0
1,MTR80,80,terminal_stance,Terminal stance,apgrf_norm_mean,APGRF,0.0987559653018638,0.0136790117841958,0.2170642813905298,0.0098123208262113,1.64,4.0
1,MTR80,80,terminal_stance,Terminal stance,ml_outward,ML outward,0.0354226681153278,0.0049624836238635,0.0407410038754368,0.0312668406798009,1.64,4.0
1,MTR80,80,terminal_stance,Terminal stance,vgrf_norm_mean,Vertical GRF,0.8505314536216548,0.1196462869008934,1.026307776058549,0.602653369431387,1.64,4.0
2,Baseline,0,loading_response,Loading response,apgrf_norm_mean,APGRF,-0.0850403480944235,-0.01211320180872,0.0512751353723755,-0.1623061893275596,1.1,0.0
2,Baseline,0,loading_response,Loading response,ml_outward,ML outward,0.0193964936044731,0.0026308883384088,0.0592018196086682,-0.0228743708689059,1.1,0.0
2,Baseline,0,loading_response,Loading response,vgrf_norm_mean,Vertical GRF,0.6616215182381877,0.0937299067471728,1.0742765190074188,0.0283876787036353,1.1,0.0
2,Baseline,0,midstance,Midstance,apgrf_norm_mean,APGRF,-0.038271669774842,-0.0070795310856162,0.0118307100227223,-0.1267912838931534,1.1,0.0
2,Baseline,0,midstance,Midstance,ml_outward,ML outward,0.0433986242503141,0.0082044803442011,0.0561735544247633,0.0333953674872147,1.1,0.0
2,Baseline,0,midstance,Midstance,vgrf_norm_mean,Vertical GRF,0.910133088883726,0.1723774289851994,1.0771378203838022,0.8171700885507729,1.1,0.0
2,Baseline,0,pre_swing,Pre-swing,apgrf_norm_mean,APGRF,0.0963830780813567,0.0138816575366529,0.1670111070754377,-0.0132009180130664,1.1,0.0
2,Baseline,0,pre_swing,Pre-swing,ml_outward,ML outward,0.0293081604547712,0.0040362151167352,0.0713129498310863,-0.0015926196375848,1.1,0.0
2,Baseline,0,pre_swing,Pre-swing,vgrf_norm_mean,Vertical GRF,0.5820754631046532,0.0817722326969839,1.0413752433419103,0.0664421104009019,1.1,0.0
2,Baseline,0,terminal_stance,Terminal stance,apgrf_norm_mean,APGRF,0.0589636265727899,0.0081828285166495,0.1148977813146762,0.0174453125391087,1.1,0.0
2,Baseline,0,terminal_stance,Terminal stance,ml_outward,ML outward,0.0584124137328024,0.0082052543199209,0.0707237158826874,0.0405978321172069,1.1,0.0
2,Baseline,0,terminal_stance,Terminal stance,vgrf_norm_mean,Vertical GRF,0.9905299484752556,0.1389657641900845,1.0686966788754946,0.867371069810593,1.1,0.0
2,MTR20,20,loading_response,Loading response,apgrf_norm_mean,APGRF,-0.0645130234619091,-0.009104573749326,0.0827729755978751,-0.1495320682974334,1.16,1.0
2,MTR20,20,loading_response,Loading response,ml_outward,ML outward,0.016924139603336,0.0022434504825787,0.0648738775466403,-0.0491619254126401,1.16,1.0
2,MTR20,20,loading_response,Loading response,vgrf_norm_mean,Vertical GRF,0.6892673659848505,0.0973598791697257,1.177563435857369,0.028481709743,1.16,1.0
2,MTR20,20,midstance,Midstance,apgrf_norm_mean,APGRF,-0.0266490302228332,-0.0048924751695653,0.0328346358068512,-0.1203008108071193,1.16,1.0
2,MTR20,20,midstance,Midstance,ml_outward,ML outward,0.0471663196067779,0.0089128448460378,0.0670865891466563,0.0261462806170315,1.16,1.0
2,MTR20,20,midstance,Midstance,vgrf_norm_mean,Vertical GRF,0.8269903405653378,0.1561111730354998,1.1783227783977623,0.6246774564289936,1.16,1.0
2,MTR20,20,pre_swing,Pre-swing,apgrf_norm_mean,APGRF,0.1083164957841109,0.015434631462682,0.1878789970322375,-0.005545544437718,1.16,1.0
2,MTR20,20,pre_swing,Pre-swing,ml_outward,ML outward,0.0260701667359924,0.003561254952914,0.0697183648021018,-0.0021484512031946,1.16,1.0
2,MTR20,20,pre_swing,Pre-swing,vgrf_norm_mean,Vertical GRF,0.485824091151188,0.0676171046003861,1.047427474730581,0.00387433972783,1.16,1.0
2,MTR20,20,terminal_stance,Terminal stance,apgrf_norm_mean,APGRF,0.1025868600973558,0.0144053478832372,0.1547967635567517,0.0417394627164733,1.16,1.0
2,MTR20,20,terminal_stance,Terminal stance,ml_outward,ML outward,0.0625749082978226,0.0088213727898418,0.0735762638300285,0.0418219592234536,1.16,1.0
2,MTR20,20,terminal_stance,Terminal stance,vgrf_norm_mean,Vertical GRF,0.9694540223182572,0.1364736665133143,1.1122245660982504,0.708831749557721,1.16,1.0
2,MTR40,40,loading_response,Loading response,apgrf_norm_mean,APGRF,-0.0817485243675877,-0.0115818066933165,0.0727276381742425,-0.1690414242459853,1.27,2.0
2,MTR40,40,loading_response,Loading response,ml_outward,ML outward,0.0223405523785616,0.0030213515604468,0.0708691020300749,-0.0489752385931274,1.27,2.0
2,MTR40,40,loading_response,Loading response,vgrf_norm_mean,Vertical GRF,0.7518815819680387,0.1066169874099265,1.2104366902623944,0.0286025437798254,1.27,2.0
2,MTR40,40,midstance,Midstance,apgrf_norm_mean,APGRF,-0.0291063312185352,-0.0053202993682147,0.0305982307098573,-0.1307916058083094,1.27,2.0
2,MTR40,40,midstance,Midstance,ml_outward,ML outward,0.0458721669883802,0.0086264085389075,0.0713474439625201,0.0216894982750231,1.27,2.0
2,MTR40,40,midstance,Midstance,vgrf_norm_mean,Vertical GRF,0.777047218858958,0.146252363322958,1.1879845575787873,0.5684009029642851,1.27,2.0
2,MTR40,40,pre_swing,Pre-swing,apgrf_norm_mean,APGRF,0.1158602387959544,0.0163536469808958,0.2195849553613219,-0.0058557936615154,1.27,2.0
2,MTR40,40,pre_swing,Pre-swing,ml_outward,ML outward,0.0227350191831051,0.003060390791715,0.0699504668505646,-0.0033322164292011,1.27,2.0
2,MTR40,40,pre_swing,Pre-swing,vgrf_norm_mean,Vertical GRF,0.4531396807061508,0.0626106060973986,1.0688724801426648,0.0031967215621317,1.27,2.0
2,MTR40,40,terminal_stance,Terminal stance,apgrf_norm_mean,APGRF,0.1187700887269045,0.0166317981977153,0.1976960375182598,0.0390469847458032,1.27,2.0
2,MTR40,40,terminal_stance,Terminal stance,ml_outward,ML outward,0.0625308222456293,0.008806621953229,0.0722868512684486,0.0428466068496238,1.27,2.0
2,MTR40,40,terminal_stance,Terminal stance,vgrf_norm_mean,Vertical GRF,0.9822363329959956,0.1383826886663083,1.1549581357113488,0.6798436421466417,1.27,2.0
2,MTR60,60,loading_response,Loading response,apgrf_norm_mean,APGRF,-0.0615524641230744,-0.0087124828932437,0.0604925105894273,-0.1290149606189496,1.35,3.0
2,MTR60,60,loading_response,Loading response,ml_outward,ML outward,0.0340695344555659,0.0047075432288968,0.0837474816807151,-0.0481215635651926,1.35,3.0
2,MTR60,60,loading_response,Loading response,vgrf_norm_mean,Vertical GRF,0.8148750800929718,0.115907082867308,1.2449675283133073,0.0285406986501509,1.35,3.0
2,MTR60,60,midstance,Midstance,apgrf_norm_mean,APGRF,-0.0055013265954512,-0.0008690741572128,0.0390015252374492,-0.0852397576129289,1.35,3.0
2,MTR60,60,midstance,Midstance,ml_outward,ML outward,0.0518077549221167,0.0097401115649467,0.0913429201744803,0.0199243635231317,1.35,3.0
2,MTR60,60,midstance,Midstance,vgrf_norm_mean,Vertical GRF,0.6646600807340931,0.1246496825260583,1.2114250100955135,0.366951426026904,1.35,3.0
2,MTR60,60,pre_swing,Pre-swing,apgrf_norm_mean,APGRF,0.1527432110955202,0.0212096995095833,0.3419670656477163,-9.771195388268564e-05,1.35,3.0
2,MTR60,60,pre_swing,Pre-swing,ml_outward,ML outward,0.0252129047966411,0.0033825144151132,0.0798739718536989,-0.0020296160679901,1.35,3.0
2,MTR60,60,pre_swing,Pre-swing,vgrf_norm_mean,Vertical GRF,0.4346156357111912,0.0593449724256889,1.1693247655293106,0.0001498206686311,1.35,3.0
2,MTR60,60,terminal_stance,Terminal stance,apgrf_norm_mean,APGRF,0.1876008344793,0.0262275621455631,0.3348612023976967,0.0476514028686725,1.35,3.0
2,MTR60,60,terminal_stance,Terminal stance,ml_outward,ML outward,0.0714613582799634,0.0100819825739526,0.0887885965630353,0.0432720164620141,1.35,3.0
2,MTR60,60,terminal_stance,Terminal stance,vgrf_norm_mean,Vertical GRF,0.9765051726289804,0.1378651540434681,1.2961578380266996,0.4923421392802012,1.35,3.0
2,MTR80,80,loading_response,Loading response,apgrf_norm_mean,APGRF,-0.1779483372008967,-0.0253832693333575,0.004570142238194,-0.2939331637579652,1.44,4.0
2,MTR80,80,loading_response,Loading response,ml_outward,ML outward,0.0639499125418475,0.0090292289532703,0.1132375367952537,-0.0142192901625855,1.44,4.0
2,MTR80,80,loading_response,Loading response,vgrf_norm_mean,Vertical GRF,0.9800679986584104,0.1394411499895536,1.4985494384078462,0.0285348424072924,1.44,4.0
2,MTR80,80,midstance,Midstance,apgrf_norm_mean,APGRF,-0.0633893792893741,-0.0116263495193521,0.0211909241565369,-0.231496191861064,1.44,4.0
2,MTR80,80,midstance,Midstance,ml_outward,ML outward,0.0584773507444017,0.0109129223043208,0.1115960969157036,0.02605596082761,1.44,4.0
2,MTR80,80,midstance,Midstance,vgrf_norm_mean,Vertical GRF,0.7401575900965857,0.1384878782621039,1.4481377591098437,0.3476137003902705,1.44,4.0
2,MTR80,80,pre_swing,Pre-swing,apgrf_norm_mean,APGRF,0.1098495000200412,0.0149387211199056,0.3067854510480852,0.0007418115115731,1.44,4.0
2,MTR80,80,pre_swing,Pre-swing,ml_outward,ML outward,0.0254298115310859,0.0034076894277065,0.0797778296941213,0.0014920531114906,1.44,4.0
2,MTR80,80,pre_swing,Pre-swing,vgrf_norm_mean,Vertical GRF,0.3594611321495101,0.0486499278785241,1.019490305946222,0.0343580828342596,1.44,4.0
2,MTR80,80,terminal_stance,Terminal stance,apgrf_norm_mean,APGRF,0.1798048128573433,0.0252596132966031,0.3160441460722897,0.0274648045596478,1.44,4.0
2,MTR80,80,terminal_stance,Terminal stance,ml_outward,ML outward,0.0819560657725194,0.0115930197159114,0.1019061514102304,0.0512449487404599,1.44,4.0
2,MTR80,80,terminal_stance,Terminal stance,vgrf_norm_mean,Vertical GRF,1.0375346065460218,0.1473704753146788,1.2927879047497175,0.5348457475331326,1.44,4.0
3,MTR20,20,loading_response,Loading response,apgrf_norm_mean,APGRF,-0.1941478456584785,-0.0282939322324585,0.0063773753549311,-0.2801735639811473,1.35,1.0
3,MTR20,20,loading_response,Loading response,ml_outward,ML outward,0.039761629077845,0.0053900817188929,0.1154705405981683,-0.0372262998055544,1.35,1.0
3,MTR20,20,loading_response,Loading response,vgrf_norm_mean,Vertical GRF,0.9340883423238636,0.1345852209390972,1.2332726037076984,0.0334516466721446,1.35,1.0
3,MTR20,20,midstance,Midstance,apgrf_norm_mean,APGRF,-0.0514539168163558,-0.0096805755225985,0.0179184914101821,-0.1399600595447165,1.35,1.0
3,MTR20,20,midstance,Midstance,ml_outward,ML outward,0.0768464880153776,0.0145102424065084,0.1016027955123069,0.0652472073272054,1.35,1.0
3,MTR20,20,midstance,Midstance,vgrf_norm_mean,Vertical GRF,0.9280962675479328,0.1756004694225886,1.0372727144883511,0.8565681544827217,1.35,1.0
3,MTR20,20,pre_swing,Pre-swing,apgrf_norm_mean,APGRF,0.0988613604700597,0.013695605415303,0.2429482939289377,-0.0001360049968875,1.35,1.0
3,MTR20,20,pre_swing,Pre-swing,ml_outward,ML outward,0.016217861642651,0.002180799138789,0.0503155312462792,-1.3958447203242512e-05,1.35,1.0
3,MTR20,20,pre_swing,Pre-swing,vgrf_norm_mean,Vertical GRF,0.3647954340369952,0.0495631335479847,1.029720660521904,0.0015156509910083,1.35,1.0
3,MTR20,20,terminal_stance,Terminal stance,apgrf_norm_mean,APGRF,0.1050960280993449,0.014573187467846,0.2130763355421935,0.0251670138689556,1.35,1.0
3,MTR20,20,terminal_stance,Terminal stance,ml_outward,ML outward,0.0591925041534112,0.0082702945636868,0.0692846422656858,0.0524315695992785,1.35,1.0
3,MTR20,20,terminal_stance,Terminal stance,vgrf_norm_mean,Vertical GRF,1.0748702155241512,0.1509504296664159,1.1606842468308756,0.9743718353667176,1.35,1.0
3,MTR40,40,loading_response,Loading response,apgrf_norm_mean,APGRF,-0.1841021596916621,-0.026734888191524,0.0105141458383864,-0.2664989097769068,1.45,2.0
3,MTR40,40,loading_response,Loading response,ml_outward,ML outward,0.0399270429225775,0.00531724288546,0.1302558879224167,-0.0327232341248253,1.45,2.0
3,MTR40,40,loading_response,Loading response,vgrf_norm_mean,Vertical GRF,0.9327929033844172,0.1342141445321629,1.2315749700039382,0.0335733261395289,1.45,2.0
3,MTR40,40,midstance,Midstance,apgrf_norm_mean,APGRF,-0.0571783724620998,-0.0107070572485559,0.0050334257760677,-0.1507568745488772,1.45,2.0
3,MTR40,40,midstance,Midstance,ml_outward,ML outward,0.0845069680962914,0.0159352485350592,0.1236202727326959,0.0674346400673921,1.45,2.0
3,MTR40,40,midstance,Midstance,vgrf_norm_mean,Vertical GRF,0.9107041005489256,0.1721226309207012,1.072715809562666,0.8324240321263963,1.45,2.0
3,MTR40,40,pre_swing,Pre-swing,apgrf_norm_mean,APGRF,0.0995161003457634,0.0137904082239138,0.2442037048635891,-0.0001997951977765,1.45,2.0
3,MTR40,40,pre_swing,Pre-swing,ml_outward,ML outward,0.0180330091731166,0.0024370992499867,0.0536024990838567,-5.68447120441733e-05,1.45,2.0
3,MTR40,40,pre_swing,Pre-swing,vgrf_norm_mean,Vertical GRF,0.3737466485216052,0.0507083056104795,1.070586940667111,0.0001513928851387,1.45,2.0
3,MTR40,40,terminal_stance,Terminal stance,apgrf_norm_mean,APGRF,0.0980466121482025,0.0135852186694098,0.2117689340652058,0.0125856964988935,1.45,2.0
3,MTR40,40,terminal_stance,Terminal stance,ml_outward,ML outward,0.0613165997615465,0.0085730537423948,0.0704598576445733,0.0535016974952847,1.45,2.0
3,MTR40,40,terminal_stance,Terminal stance,vgrf_norm_mean,Vertical GRF,1.0788080692200457,0.1515221158548188,1.1798993085781384,0.9408178112610426,1.45,2.0
3,MTR60,60,loading_response,Loading response,apgrf_norm_mean,APGRF,-0.2059456511941485,-0.0298930647377121,-0.001133630262917,-0.30481767732336,1.65,3.0
3,MTR60,60,loading_response,Loading response,ml_outward,ML outward,0.0468236335567292,0.0062740161147765,0.1442105711277913,-0.0152826476032557,1.65,3.0
3,MTR60,60,loading_response,Loading response,vgrf_norm_mean,Vertical GRF,1.0202182937052109,0.1469599640553071,1.3507176213721968,0.0337641631969966,1.65,3.0
3,MTR60,60,midstance,Midstance,apgrf_norm_mean,APGRF,-0.0468069086825917,-0.0086131832261195,0.0179693979802642,-0.1676091000600172,1.65,3.0
3,MTR60,60,midstance,Midstance,ml_outward,ML outward,0.0944073488128318,0.0178166937346288,0.1385845078044526,0.0743706977830545,1.65,3.0
3,MTR60,60,midstance,Midstance,vgrf_norm_mean,Vertical GRF,0.8732487662050408,0.1645414729234058,1.1340401955429418,0.7638323907428691,1.65,3.0
3,MTR60,60,pre_swing,Pre-swing,apgrf_norm_mean,APGRF,0.0993554377597271,0.0136279688917324,0.2587215300053216,0.000853278395353,1.65,3.0
3,MTR60,60,pre_swing,Pre-swing,ml_outward,ML outward,0.01835412544021,0.0024594565522613,0.0586822986374439,-0.0005144699142594,1.65,3.0
3,MTR60,60,pre_swing,Pre-swing,vgrf_norm_mean,Vertical GRF,0.3359241226542925,0.0452073207904109,1.0331599770262136,0.0030995445203774,1.65,3.0
3,MTR60,60,terminal_stance,Terminal stance,apgrf_norm_mean,APGRF,0.1229213943751461,0.0170973752668149,0.2422636176866837,0.0259031602047088,1.65,3.0
3,MTR60,60,terminal_stance,Terminal stance,ml_outward,ML outward,0.0692548142836222,0.0097205789903345,0.0738675940130549,0.0597075334233667,1.65,3.0
3,MTR60,60,terminal_stance,Terminal stance,vgrf_norm_mean,Vertical GRF,1.0857450480539843,0.1528023125689148,1.1926979197454828,0.9131684965510144,1.65,3.0
3,MTR80,80,loading_response,Loading response,apgrf_norm_mean,APGRF,-0.2632294382096924,-0.0382981642284166,-0.0229763379526668,-0.3806407026683726,1.8,4.0
3,MTR80,80,loading_response,Loading response,ml_outward,ML outward,0.0571998022021958,0.0078469167101602,0.1492798858084353,-0.0110117016024422,1.8,4.0
3,MTR80,80,loading_response,Loading response,vgrf_norm_mean,Vertical GRF,1.1391298588537486,0.1644311250630537,1.423233305539242,0.03380603077282,1.8,4.0
3,MTR80,80,midstance,Midstance,apgrf_norm_mean,APGRF,-0.0325349943475491,-0.0057998806642416,0.0386533513513465,-0.1800769924049761,1.8,4.0
3,MTR80,80,midstance,Midstance,ml_outward,ML outward,0.0928735375522185,0.0175569165421759,0.1312925974902472,0.0722655961633002,1.8,4.0
3,MTR80,80,midstance,Midstance,vgrf_norm_mean,Vertical GRF,0.7805259358992024,0.1461692312143189,1.19359549182741,0.6032587629411197,1.8,4.0
3,MTR80,80,pre_swing,Pre-swing,apgrf_norm_mean,APGRF,0.0997243118592522,0.0134428035883843,0.3031963420981817,-2.770399747759365e-05,1.8,4.0
3,MTR80,80,pre_swing,Pre-swing,ml_outward,ML outward,0.0166449737203031,0.0021907279599288,0.0612512428084721,-0.0012527036988647,1.8,4.0
3,MTR80,80,pre_swing,Pre-swing,vgrf_norm_mean,Vertical GRF,0.3042732337917111,0.0405968827408582,1.008103575156838,0.0007168904228472,1.8,4.0
3,MTR80,80,terminal_stance,Terminal stance,apgrf_norm_mean,APGRF,0.1632274196816215,0.0227564385674031,0.2978610298390937,0.0476738471289301,1.8,4.0
3,MTR80,80,terminal_stance,Terminal stance,ml_outward,ML outward,0.0693242319542213,0.0097227695620502,0.0759730882160424,0.0616050224979427,1.8,4.0
3,MTR80,80,terminal_stance,Terminal stance,vgrf_norm_mean,Vertical GRF,1.0757620816882756,0.1517440119156421,1.212095741344942,0.8333992792564562,1.8,4.0
4,Baseline,0,loading_response,Loading response,apgrf_norm_mean,APGRF,-0.0883460242464134,-0.0124095035137294,0.0606195574592467,-0.1824600055391731,1.2,0.0
4,Baseline,0,loading_response,Loading response,ml_outward,ML outward,0.0243361086491977,0.0033346572419649,0.0668281470672718,-0.0228765076517916,1.2,0.0
4,Baseline,0,loading_response,Loading response,vgrf_norm_mean,Vertical GRF,0.6721194994129436,0.0950714421481236,1.1142928577008244,0.0350036950627554,1.2,0.0
4,Baseline,0,midstance,Midstance,apgrf_norm_mean,APGRF,-0.0731888504244832,-0.0137893806877123,0.0010725096012605,-0.1707503890381237,1.2,0.0
4,Baseline,0,midstance,Midstance,ml_outward,ML outward,0.056758332497879,0.0108479423970867,0.0705107272045678,0.0363724572690565,1.2,0.0
4,Baseline,0,midstance,Midstance,vgrf_norm_mean,Vertical GRF,0.9293621495155237,0.1765871434677934,1.1484533348837769,0.7186335067271276,1.2,0.0
4,Baseline,0,pre_swing,Pre-swing,apgrf_norm_mean,APGRF,0.1156879866049256,0.0165427911474657,0.1858239076207362,0.0035793847210725,1.2,0.0
4,Baseline,0,pre_swing,Pre-swing,ml_outward,ML outward,0.0256391789049233,0.0035136195235321,0.0634069767547945,0.0026945464000571,1.2,0.0
4,Baseline,0,pre_swing,Pre-swing,vgrf_norm_mean,Vertical GRF,0.550574913779977,0.0772714164852851,0.999397628721556,0.0709166710632884,1.2,0.0
4,Baseline,0,terminal_stance,Terminal stance,apgrf_norm_mean,APGRF,0.0740027894727419,0.0103314579061533,0.1460677793731363,0.0077243235784485,1.2,0.0
4,Baseline,0,terminal_stance,Terminal stance,ml_outward,ML outward,0.0494092922963697,0.0069117513635832,0.0634570560909949,0.0364714400834397,1.2,0.0
4,Baseline,0,terminal_stance,Terminal stance,vgrf_norm_mean,Vertical GRF,0.8620581337702906,0.1206917572294861,1.003011467656559,0.7265845080468449,1.2,0.0
4,MTR20,20,loading_response,Loading response,apgrf_norm_mean,APGRF,-0.1377228327637685,-0.0195422501423433,0.006229763734374,-0.2223824749601488,1.26,1.0
4,MTR20,20,loading_response,Loading response,ml_outward,ML outward,0.0275408967554384,0.0037682462220701,0.076100311034271,-0.0249547203157017,1.26,1.0
4,MTR20,20,loading_response,Loading response,vgrf_norm_mean,Vertical GRF,0.8747960664904463,0.1244914754578037,1.3211732791723625,0.034531792201241,1.26,1.0
4,MTR20,20,midstance,Midstance,apgrf_norm_mean,APGRF,-0.07223055160663,-0.0134720650674872,-0.0039306323386975,-0.190878418429051,1.26,1.0
4,MTR20,20,midstance,Midstance,ml_outward,ML outward,0.0494087073470496,0.0093829525855667,0.0750129598211639,0.0247448169474762,1.26,1.0
4,MTR20,20,midstance,Midstance,vgrf_norm_mean,Vertical GRF,0.893434312607085,0.1693885795831484,1.2977464003125536,0.5575487403121779,1.26,1.0
4,MTR20,20,pre_swing,Pre-swing,apgrf_norm_mean,APGRF,0.098963040369103,0.0138683529355933,0.2077623858033163,0.0027004338493336,1.26,1.0
4,MTR20,20,pre_swing,Pre-swing,ml_outward,ML outward,0.0162427972658749,0.0022361161524963,0.0361893112990093,0.0032065838426945,1.26,1.0
4,MTR20,20,pre_swing,Pre-swing,vgrf_norm_mean,Vertical GRF,0.4920580930499763,0.0688805445240678,0.8872040589087479,0.1133694849765731,1.26,1.0
4,MTR20,20,terminal_stance,Terminal stance,apgrf_norm_mean,APGRF,0.0721907114276155,0.0099413790603428,0.176664193370799,0.0007813373891035,1.26,1.0
4,MTR20,20,terminal_stance,Terminal stance,ml_outward,ML outward,0.0278546597425725,0.0038768976553218,0.0367076225164396,0.02245106024582,1.26,1.0
4,MTR20,20,terminal_stance,Terminal stance,vgrf_norm_mean,Vertical GRF,0.7071127479721218,0.0988754580247573,0.8852008726562142,0.562963989675497,1.26,1.0
4,MTR40,40,loading_response,Loading response,apgrf_norm_mean,APGRF,-0.1384319880577769,-0.019594007748305,0.0057843131380135,-0.2259835240666106,1.32,2.0
4,MTR40,40,loading_response,Loading response,ml_outward,ML outward,0.0276743719711298,0.003767185778666,0.0797180035293068,-0.0308890466486255,1.32,2.0
4,MTR40,40,loading_response,Loading response,vgrf_norm_mean,Vertical GRF,0.8719816477612216,0.1239050946635611,1.3485361929062447,0.034526590382747,1.32,2.0
4,MTR40,40,midstance,Midstance,apgrf_norm_mean,APGRF,-0.081491220838527,-0.0152618002616471,-0.0051515310439283,-0.2021372501677266,1.32,2.0
4,MTR40,40,midstance,Midstance,ml_outward,ML outward,0.0530833404776529,0.0100860858169439,0.0798404758705204,0.0262759798468055,1.32,2.0
4,MTR40,40,midstance,Midstance,vgrf_norm_mean,Vertical GRF,0.9230540489222596,0.1751691896484111,1.336311459088614,0.5486387770322756,1.32,2.0
4,MTR40,40,pre_swing,Pre-swing,apgrf_norm_mean,APGRF,0.1074119483727044,0.0150539909848355,0.2249365004072749,0.0045711291735668,1.32,2.0
4,MTR40,40,pre_swing,Pre-swing,ml_outward,ML outward,0.0178444407781016,0.0024459704928093,0.0419172181398044,0.0035185125455521,1.32,2.0
4,MTR40,40,pre_swing,Pre-swing,vgrf_norm_mean,Vertical GRF,0.4880907262777104,0.0682102597580524,0.9193350640310486,0.1002540819636573,1.32,2.0
4,MTR40,40,terminal_stance,Terminal stance,apgrf_norm_mean,APGRF,0.0778733909240509,0.0107260865256312,0.1906825254405266,0.000301897154741,1.32,2.0
4,MTR40,40,terminal_stance,Terminal stance,ml_outward,ML outward,0.0298184069451283,0.004136589510217,0.0422824796869876,0.0228527373683877,1.32,2.0
4,MTR40,40,terminal_stance,Terminal stance,vgrf_norm_mean,Vertical GRF,0.7162028886185916,0.1001433765879098,0.9124290803508822,0.5510720235126204,1.32,2.0
4,MTR60,60,loading_response,Loading response,apgrf_norm_mean,APGRF,-0.159612992268133,-0.0225942619393155,-0.0041916335752298,-0.2609661733680656,1.4,3.0
4,MTR60,60,loading_response,Loading response,ml_outward,ML outward,0.0212348387106364,0.0028245416402648,0.0755892849365111,-0.0406075000700181,1.4,3.0
4,MTR60,60,loading_response,Loading response,vgrf_norm_mean,Vertical GRF,0.9228918113223872,0.1311352825602197,1.434287844592354,0.0344408703453082,1.4,3.0
4,MTR60,60,midstance,Midstance,apgrf_norm_mean,APGRF,-0.0896886031831438,-0.0167608971737817,-0.0061184461862761,-0.229246246383123,1.4,3.0
4,MTR60,60,midstance,Midstance,ml_outward,ML outward,0.0533739306714865,0.0101410700419782,0.0798857343106007,0.0276128867073534,1.4,3.0
4,MTR60,60,midstance,Midstance,vgrf_norm_mean,Vertical GRF,0.904847445928283,0.1713361085443835,1.409265532220196,0.5130076601390097,1.4,3.0
4,MTR60,60,pre_swing,Pre-swing,apgrf_norm_mean,APGRF,0.1287140304138636,0.0181283874953637,0.2579054617281359,0.0066299928752459,1.4,3.0
4,MTR60,60,pre_swing,Pre-swing,ml_outward,ML outward,0.0150360637576444,0.0020558819781767,0.0366071702101261,0.0011276755483078,1.4,3.0
4,MTR60,60,pre_swing,Pre-swing,vgrf_norm_mean,Vertical GRF,0.5148485923350682,0.0719907634422168,0.9842373770327534,0.0888785984475229,1.4,3.0
4,MTR60,60,terminal_stance,Terminal stance,apgrf_norm_mean,APGRF,0.0824133934514875,0.0113217069043029,0.209493634931849,-0.0014332122478122,1.4,3.0
4,MTR60,60,terminal_stance,Terminal stance,ml_outward,ML outward,0.0266390195338071,0.0036850570197943,0.0361969636085914,0.0218419703830137,1.4,3.0
4,MTR60,60,terminal_stance,Terminal stance,vgrf_norm_mean,Vertical GRF,0.7197882579041002,0.1005926326930234,0.9602495227427732,0.5178200284426676,1.4,3.0
4,MTR80,80,loading_response,Loading response,apgrf_norm_mean,APGRF,-0.1459468927692634,-0.0207436633153886,0.0174024440100611,-0.237068378268792,1.55,4.0
4,MTR80,80,loading_response,Loading response,ml_outward,ML outward,0.0196717068187588,0.0026420616613072,0.0658254924209425,-0.0331214525150896,1.55,4.0
4,MTR80,80,loading_response,Loading response,vgrf_norm_mean,Vertical GRF,0.8628379180317837,0.1227977313378674,1.2928971052249854,0.0346854827213551,1.55,4.0
4,MTR80,80,midstance,Midstance,apgrf_norm_mean,APGRF,-0.0779141467944949,-0.0145463489847763,-0.0066392069196233,-0.200656867904911,1.55,4.0
4,MTR80,80,midstance,Midstance,ml_outward,ML outward,0.0471533343684761,0.0089769865048734,0.0665706744045124,0.0250947975284959,1.55,4.0
4,MTR80,80,midstance,Midstance,vgrf_norm_mean,Vertical GRF,0.8469688354443637,0.1603551179408797,1.2792297672329882,0.5264999006581688,1.55,4.0
4,MTR80,80,pre_swing,Pre-swing,apgrf_norm_mean,APGRF,0.1171578982067965,0.0164905931197249,0.2242421637608576,0.011126728508768,1.55,4.0
4,MTR80,80,pre_swing,Pre-swing,ml_outward,ML outward,0.0156340415503793,0.002150955831053,0.0350912820176112,0.0037387982831519,1.55,4.0
4,MTR80,80,pre_swing,Pre-swing,vgrf_norm_mean,Vertical GRF,0.5398799210941742,0.0755830796634211,0.938329217014622,0.1544317749922469,1.55,4.0
4,MTR80,80,terminal_stance,Terminal stance,apgrf_norm_mean,APGRF,0.0763137881662943,0.0105133117982913,0.188778435359444,-0.0020271500288833,1.55,4.0
4,MTR80,80,terminal_stance,Terminal stance,ml_outward,ML outward,0.028313977759161,0.0039471565757014,0.0359088302381194,0.0233834156735664,1.55,4.0
4,MTR80,80,terminal_stance,Terminal stance,vgrf_norm_mean,Vertical GRF,0.725698571454443,0.1015380204167789,0.93839530892245,0.5361919459055141,1.55,4.0
5,Baseline,0,loading_response,Loading response,apgrf_norm_mean,APGRF,-0.087950829976238,-0.0126412673297033,0.060886333660208,-0.1520271679850443,1.0,0.0
5,Baseline,0,loading_response,Loading response,ml_outward,ML outward,0.0332842233397408,0.0045349159933944,0.0898631565367132,-0.015894353585733,1.0,0.0
5,Baseline,0,loading_response,Loading response,vgrf_norm_mean,Vertical GRF,0.621298706781144,0.0879864179080446,1.0028823634674895,0.0387952583579104,1.0,0.0
5,Baseline,0,midstance,Midstance,apgrf_norm_mean,APGRF,-0.0462148209229252,-0.008660246332196,0.0060903447036296,-0.1226339151814312,1.0,0.0
5,Baseline,0,midstance,Midstance,ml_outward,ML outward,0.0750883152606183,0.0142656446997297,0.0956075522353208,0.0593429711140648,1.0,0.0
5,Baseline,0,midstance,Midstance,vgrf_norm_mean,Vertical GRF,0.951636730324591,0.1807036622017731,1.031932177080822,0.8953465580243252,1.0,0.0
5,Baseline,0,pre_swing,Pre-swing,apgrf_norm_mean,APGRF,0.1123179742880632,0.0162729109049517,0.1765754278411517,-0.0038241232946354,1.0,0.0
5,Baseline,0,pre_swing,Pre-swing,ml_outward,ML outward,0.0312541753292396,0.0043387836559814,0.0698976526924695,-0.0029475245338653,1.0,0.0
5,Baseline,0,pre_swing,Pre-swing,vgrf_norm_mean,Vertical GRF,0.5966300361475354,0.0840828306441578,1.0533294456405753,0.0290055099539183,1.0,0.0
5,Baseline,0,terminal_stance,Terminal stance,apgrf_norm_mean,APGRF,0.0447953010041349,0.0061588157582627,0.1029090414625917,0.0091868370089004,1.0,0.0
5,Baseline,0,terminal_stance,Terminal stance,ml_outward,ML outward,0.0616825272013089,0.0086211988605785,0.0676126570528196,0.0580464738530983,1.0,0.0
5,Baseline,0,terminal_stance,Terminal stance,vgrf_norm_mean,Vertical GRF,0.9851459288165624,0.1379157048461003,1.057142769059707,0.9140941262171012,1.0,0.0
5,MTR20,20,loading_response,Loading response,apgrf_norm_mean,APGRF,-0.1035628203435893,-0.0147191876353978,0.0150757337750617,-0.1680243627327934,1.07,1.0
5,MTR20,20,loading_response,Loading response,ml_outward,ML outward,0.0220414119483906,0.0029420001613056,0.072820766085363,-0.0130692955571416,1.07,1.0
5,MTR20,20,loading_response,Loading response,vgrf_norm_mean,Vertical GRF,0.5923049189855039,0.0833276648037431,1.0651075208891627,0.0385070879273252,1.07,1.0
5,MTR20,20,midstance,Midstance,apgrf_norm_mean,APGRF,-0.0755682658534313,-0.0142695464523063,-0.0118910145518861,-0.1569303291240934,1.07,1.0
5,MTR20,20,midstance,Midstance,ml_outward,ML outward,0.0466274076855435,0.0088258664280524,0.0714844964108446,0.0283581179153186,1.07,1.0
5,MTR20,20,midstance,Midstance,vgrf_norm_mean,Vertical GRF,0.9699171679984774,0.1842494769949365,1.1213955922407393,0.8390488857240055,1.07,1.0
5,MTR20,20,pre_swing,Pre-swing,apgrf_norm_mean,APGRF,0.1066673209608198,0.0153238977186933,0.1884428585612659,0.0023247750727598,1.07,1.0
5,MTR20,20,pre_swing,Pre-swing,ml_outward,ML outward,0.0169571334323867,0.0022976822470241,0.0448624592283842,-0.0004564950950266,1.07,1.0
5,MTR20,20,pre_swing,Pre-swing,vgrf_norm_mean,Vertical GRF,0.5915306540457264,0.0830864636300515,1.0313161650960996,0.1080690580300504,1.07,1.0
5,MTR20,20,terminal_stance,Terminal stance,apgrf_norm_mean,APGRF,0.0485848464894206,0.0067393579023249,0.1149299324891125,-0.0052561182714818,1.07,1.0
5,MTR20,20,terminal_stance,Terminal stance,ml_outward,ML outward,0.0426733178934326,0.006015511276636,0.0519537756502725,0.0290480827631792,1.07,1.0
5,MTR20,20,terminal_stance,Terminal stance,vgrf_norm_mean,Vertical GRF,0.96341126042989,0.135057502108226,1.0581259497232762,0.861342735170336,1.07,1.0
5,MTR40,40,loading_response,Loading response,apgrf_norm_mean,APGRF,-0.0986767762418897,-0.0140937338807588,0.0270510611488814,-0.1596248614584954,1.15,2.0
5,MTR40,40,loading_response,Loading response,ml_outward,ML outward,0.0203834058630169,0.00265970292293,0.0781566947995552,-0.0230582215995998,1.15,2.0
5,MTR40,40,loading_response,Loading response,vgrf_norm_mean,Vertical GRF,0.6404007332135961,0.0906827957228851,1.0368659044349011,0.0385969473959609,1.15,2.0
5,MTR40,40,midstance,Midstance,apgrf_norm_mean,APGRF,-0.066451984104548,-0.0124991587952056,-0.0226359128750732,-0.1356116922657246,1.15,2.0
5,MTR40,40,midstance,Midstance,ml_outward,ML outward,0.0547790066276256,0.010368779625907,0.0767796943001393,0.04062464562347,1.15,2.0
5,MTR40,40,midstance,Midstance,vgrf_norm_mean,Vertical GRF,0.9334390167987412,0.1770661604716967,1.049190273332956,0.8563679927297276,1.15,2.0
5,MTR40,40,pre_swing,Pre-swing,apgrf_norm_mean,APGRF,0.1015383457034774,0.0145149157881748,0.1828948251270093,0.0056063497324184,1.15,2.0
5,MTR40,40,pre_swing,Pre-swing,ml_outward,ML outward,0.0164310689185461,0.0022041491360683,0.0483237078548169,-0.0024871389998986,1.15,2.0
5,MTR40,40,pre_swing,Pre-swing,vgrf_norm_mean,Vertical GRF,0.5860383569605547,0.0820098133556301,1.0727940592027978,0.1063939784878197,1.15,2.0
5,MTR40,40,terminal_stance,Terminal stance,apgrf_norm_mean,APGRF,0.0366383765183014,0.0050077928769565,0.1157865268147808,-0.0181938066570507,1.15,2.0
5,MTR40,40,terminal_stance,Terminal stance,ml_outward,ML outward,0.0464445123119253,0.0065171249100013,0.0516849640705199,0.0401701705769,1.15,2.0
5,MTR40,40,terminal_stance,Terminal stance,vgrf_norm_mean,Vertical GRF,1.00416963406827,0.1407374397491344,1.0955237598247978,0.8925538585357904,1.15,2.0
5,MTR60,60,loading_response,Loading response,apgrf_norm_mean,APGRF,-0.1234363535278574,-0.0176237206288163,0.0190756184091745,-0.1948627793283844,1.25,3.0
5,MTR60,60,loading_response,Loading response,ml_outward,ML outward,0.0287569707863943,0.0038783339826081,0.0864822149904185,-0.0179092781133621,1.25,3.0
5,MTR60,60,loading_response,Loading response,vgrf_norm_mean,Vertical GRF,0.7177766390864786,0.101790208682613,1.1366571028793833,0.0386003331923709,1.25,3.0
5,MTR60,60,midstance,Midstance,apgrf_norm_mean,APGRF,-0.072100901730355,-0.0135313204495154,-0.0115648747179355,-0.1662071045931719,1.25,3.0
5,MTR60,60,midstance,Midstance,ml_outward,ML outward,0.052618134091355,0.0099378699546934,0.0818103578975939,0.0344009731761894,1.25,3.0
5,MTR60,60,midstance,Midstance,vgrf_norm_mean,Vertical GRF,0.9285235140544312,0.1757737891716484,1.1343781438664031,0.8116852697443502,1.25,3.0
5,MTR60,60,pre_swing,Pre-swing,apgrf_norm_mean,APGRF,0.1099570142782361,0.0156286397340061,0.2040362174416198,0.0060934445493692,1.25,3.0
5,MTR60,60,pre_swing,Pre-swing,ml_outward,ML outward,0.0150532320448491,0.0020017951102412,0.0480712740357889,-0.0020600389645662,1.25,3.0
5,MTR60,60,pre_swing,Pre-swing,vgrf_norm_mean,Vertical GRF,0.5447216599591672,0.0760079478820071,1.0538850640424622,0.086175158331135,1.25,3.0
5,MTR60,60,terminal_stance,Terminal stance,apgrf_norm_mean,APGRF,0.0582758537955145,0.0080243243944331,0.1496179685422904,-0.0062072335634917,1.25,3.0
5,MTR60,60,terminal_stance,Terminal stance,ml_outward,ML outward,0.0467812054609416,0.0065848936714597,0.0541029362716332,0.0357816170347259,1.25,3.0
5,MTR60,60,terminal_stance,Terminal stance,vgrf_norm_mean,Vertical GRF,0.9971651509806764,0.1398747645416871,1.0909289755997322,0.8682557036822575,1.25,3.0
5,MTR80,80,loading_response,Loading response,apgrf_norm_mean,APGRF,-0.1282942696643125,-0.0182925972534842,0.0041160907151633,-0.199078835935999,1.35,4.0
5,MTR80,80,loading_response,Loading response,ml_outward,ML outward,0.0259278509596787,0.0034658778785105,0.0827302155528008,-0.0127726747613826,1.35,4.0
5,MTR80,80,loading_response,Loading response,vgrf_norm_mean,Vertical GRF,0.6807796988161847,0.0964935971429687,1.0920090693705342,0.0385287516322567,1.35,4.0
5,MTR80,80,midstance,Midstance,apgrf_norm_mean,APGRF,-0.0749382250766126,-0.0140761434483837,-0.0135790281013855,-0.1687212852863747,1.35,4.0
5,MTR80,80,midstance,Midstance,ml_outward,ML outward,0.046706381543151,0.0087953373211899,0.0782869176636593,0.0299293287118269,1.35,4.0
5,MTR80,80,midstance,Midstance,vgrf_norm_mean,Vertical GRF,0.9012915533150664,0.1708020438666773,1.0896430362460643,0.7868259317289654,1.35,4.0
5,MTR80,80,pre_swing,Pre-swing,apgrf_norm_mean,APGRF,0.1043468836210785,0.0148014026263912,0.1953201514370912,0.0167724510027408,1.35,4.0
5,MTR80,80,pre_swing,Pre-swing,ml_outward,ML outward,0.0155319532658889,0.0020922361375512,0.0404765029135083,0.0003318485677851,1.35,4.0
5,MTR80,80,pre_swing,Pre-swing,vgrf_norm_mean,Vertical GRF,0.5614988788844377,0.0783740186658881,0.9845099455853392,0.1871898947339528,1.35,4.0
5,MTR80,80,terminal_stance,Terminal stance,apgrf_norm_mean,APGRF,0.0497949288150331,0.0068418606673173,0.1332491488926455,-0.0077734179051209,1.35,4.0
5,MTR80,80,terminal_stance,Terminal stance,ml_outward,ML outward,0.0409128513847156,0.0057630991163312,0.0472652209822676,0.0315777331122591,1.35,4.0
5,MTR80,80,terminal_stance,Terminal stance,vgrf_norm_mean,Vertical GRF,0.934141266067028,0.131037745846992,1.0255728172699063,0.8171783285549978,1.35,4.0
6,Baseline,0,loading_response,Loading response,apgrf_norm_mean,APGRF,-0.0596024507774309,-0.0084186355744026,0.0783912316596645,-0.121796960872263,1.15,0.0
6,Baseline,0,loading_response,Loading response,ml_outward,ML outward,0.0067626949561382,0.000740343921544,0.0628191928602867,-0.0610945697884254,1.15,0.0
6,Baseline,0,loading_response,Loading response,vgrf_norm_mean,Vertical GRF,0.6405256709380321,0.0909295552788047,1.0104075727208248,0.021020230841193,1.15,0.0
6,Baseline,0,midstance,Midstance,apgrf_norm_mean,APGRF,-0.0534684078748043,-0.0100941372051994,-0.0195962311606533,-0.1003126427916355,1.15,0.0
6,Baseline,0,midstance,Midstance,ml_outward,ML outward,0.0498651994478335,0.0094742277098898,0.0646140853414437,0.0396148222115183,1.15,0.0
6,Baseline,0,midstance,Midstance,vgrf_norm_mean,Vertical GRF,0.8825795064404847,0.1672943658922176,1.0158029141229874,0.8099370769508337,1.15,0.0
6,Baseline,0,pre_swing,Pre-swing,apgrf_norm_mean,APGRF,0.0965568899669388,0.0139375968888418,0.1619708956436517,-0.0128435792667391,1.15,0.0
6,Baseline,0,pre_swing,Pre-swing,ml_outward,ML outward,0.0164385523093824,0.0022122583732656,0.0492640545690444,-0.0114026379777306,1.15,0.0
6,Baseline,0,pre_swing,Pre-swing,vgrf_norm_mean,Vertical GRF,0.5820353953553021,0.0817478649446156,1.0341296598783265,0.0773592118576147,1.15,0.0
6,Baseline,0,terminal_stance,Terminal stance,apgrf_norm_mean,APGRF,0.0398986374913403,0.0055209355440981,0.1075851865777126,-0.014813170657134,1.15,0.0
6,Baseline,0,terminal_stance,Terminal stance,ml_outward,ML outward,0.0449691481450751,0.0063203650340149,0.0503883083388307,0.038301776833613,1.15,0.0
6,Baseline,0,terminal_stance,Terminal stance,vgrf_norm_mean,Vertical GRF,0.9358567793051996,0.1310115722818606,1.03310580343879,0.8402831193450668,1.15,0.0
6,MTR20,20,loading_response,Loading response,apgrf_norm_mean,APGRF,-0.0793910238818644,-0.0112057792184796,0.0485075282775859,-0.1552211270153717,1.2,1.0
6,MTR20,20,loading_response,Loading response,ml_outward,ML outward,0.0086811935252449,0.0010968351388653,0.0499574341133796,-0.0346513244491322,1.2,1.0
6,MTR20,20,loading_response,Loading response,vgrf_norm_mean,Vertical GRF,0.7040695259298395,0.100523066618234,1.0371391463850592,0.020962369019488,1.2,1.0
6,MTR20,20,midstance,Midstance,apgrf_norm_mean,APGRF,-0.0567046875039107,-0.01064946033491,-0.0135413088347275,-0.1266437413642194,1.2,1.0
6,MTR20,20,midstance,Midstance,ml_outward,ML outward,0.0241975908745068,0.0045644266751319,0.036734518332753,0.0169780592651409,1.2,1.0
6,MTR20,20,midstance,Midstance,vgrf_norm_mean,Vertical GRF,0.6923433954887397,0.1305184686752992,0.9529975702722182,0.5851405802787598,1.2,1.0
6,MTR20,20,pre_swing,Pre-swing,apgrf_norm_mean,APGRF,0.0477536751774366,0.0065719685485026,0.1284664626612844,-0.0120699978125442,1.2,1.0
6,MTR20,20,pre_swing,Pre-swing,ml_outward,ML outward,0.0021590896012348,0.0002629018833273,0.0149070992541302,-0.0136435111547545,1.2,1.0
6,MTR20,20,pre_swing,Pre-swing,vgrf_norm_mean,Vertical GRF,0.3951706974054338,0.0549835060592205,0.7234353350464617,0.1335061821317163,1.2,1.0
6,MTR20,20,terminal_stance,Terminal stance,apgrf_norm_mean,APGRF,0.0520354713397719,0.0072494697770591,0.1193103274339755,-0.008140142652638,1.2,1.0
6,MTR20,20,terminal_stance,Terminal stance,ml_outward,ML outward,0.0217580336963848,0.0030966074944445,0.0255316169294983,0.0117757556546513,1.2,1.0
6,MTR20,20,terminal_stance,Terminal stance,vgrf_norm_mean,Vertical GRF,0.7553465183634422,0.1062551072904671,0.8064387401946524,0.6599865722197735,1.2,1.0
6,MTR40,40,loading_response,Loading response,apgrf_norm_mean,APGRF,-0.1188135558073269,-0.0169675989579919,0.0197478277645588,-0.1961498569817917,1.26,2.0
6,MTR40,40,loading_response,Loading response,ml_outward,ML outward,0.0156445577811877,0.0021297326093866,0.0545330202579139,-0.0391673622021063,1.26,2.0
6,MTR40,40,loading_response,Loading response,vgrf_norm_mean,Vertical GRF,0.8212442794308465,0.1176674677174283,1.1514060685158676,0.0208331687399678,1.26,2.0
6,MTR40,40,midstance,Midstance,apgrf_norm_mean,APGRF,-0.0593679558520754,-0.0110785296057219,-0.0099253592900692,-0.1490869536485674,1.26,2.0
6,MTR40,40,midstance,Midstance,ml_outward,ML outward,0.0264735803424001,0.0049898175951544,0.0396603784439738,0.0207410737869497,1.26,2.0
6,MTR40,40,midstance,Midstance,vgrf_norm_mean,Vertical GRF,0.7388110972977775,0.1390280399101461,1.0272077834746631,0.6384746036698747,1.26,2.0
6,MTR40,40,pre_swing,Pre-swing,apgrf_norm_mean,APGRF,0.0656181149220816,0.0090250374601052,0.1610360721824072,0.0049271656279331,1.26,2.0
6,MTR40,40,pre_swing,Pre-swing,ml_outward,ML outward,0.0041030256002176,0.0005322151122563,0.0150246035166493,-0.0042090531989233,1.26,2.0
6,MTR40,40,pre_swing,Pre-swing,vgrf_norm_mean,Vertical GRF,0.4316166446690327,0.0600595365017207,0.7821969685684823,0.1552924757311013,1.26,2.0
6,MTR40,40,terminal_stance,Terminal stance,apgrf_norm_mean,APGRF,0.0715196631988045,0.0099894663870887,0.150801539826651,-0.0031049212802678,1.26,2.0
6,MTR40,40,terminal_stance,Terminal stance,ml_outward,ML outward,0.0252212068265073,0.0035902917262039,0.0296827036473418,0.0146150365923188,1.26,2.0
6,MTR40,40,terminal_stance,Terminal stance,vgrf_norm_mean,Vertical GRF,0.8310198214650376,0.1168522477077395,0.8728237043485065,0.7386601875831773,1.26,2.0
6,MTR60,60,loading_response,Loading response,apgrf_norm_mean,APGRF,-0.1240582643827326,-0.0177046293614892,0.0107798947356768,-0.2055304241754853,1.35,3.0
6,MTR60,60,loading_response,Loading response,ml_outward,ML outward,0.0154329369959648,0.0020951984783293,0.052858040445686,-0.0395663550950887,1.35,3.0
6,MTR60,60,loading_response,Loading response,vgrf_norm_mean,Vertical GRF,0.7975073912002717,0.1142605350063967,1.1322796346354225,0.0207823041542583,1.35,3.0
6,MTR60,60,midstance,Midstance,apgrf_norm_mean,APGRF,-0.0596321324782781,-0.0110996408336545,-0.0089700278491257,-0.156387104551091,1.35,3.0
6,MTR60,60,midstance,Midstance,ml_outward,ML outward,0.026013239704754,0.0048950562829673,0.0404838167522846,0.0203648316510417,1.35,3.0
6,MTR60,60,midstance,Midstance,vgrf_norm_mean,Vertical GRF,0.6876882050540418,0.1293406834771322,0.9921203947942372,0.5798588982004154,1.35,3.0
6,MTR60,60,pre_swing,Pre-swing,apgrf_norm_mean,APGRF,0.0637767695716297,0.0087473215076278,0.1573490925903192,0.0083583208587071,1.35,3.0
6,MTR60,60,pre_swing,Pre-swing,ml_outward,ML outward,0.0048442099604566,0.0006526137199321,0.0142541207359957,-0.0032999401802751,1.35,3.0
6,MTR60,60,pre_swing,Pre-swing,vgrf_norm_mean,Vertical GRF,0.4143240424806938,0.0576086895141695,0.7342652643654917,0.1737181072214163,1.35,3.0
6,MTR60,60,terminal_stance,Terminal stance,apgrf_norm_mean,APGRF,0.0733908727173803,0.0102452802491091,0.1533646312734966,2.832132340558312e-05,1.35,3.0
6,MTR60,60,terminal_stance,Terminal stance,ml_outward,ML outward,0.0240157787294465,0.0034200535819657,0.0288539505782902,0.0139154450850142,1.35,3.0
6,MTR60,60,terminal_stance,Terminal stance,vgrf_norm_mean,Vertical GRF,0.7807234825100787,0.1098978134586792,0.8582550665532331,0.653800206807755,1.35,3.0
6,MTR80,80,loading_response,Loading response,apgrf_norm_mean,APGRF,-0.1299641530346781,-0.0185638604090806,0.0194919375177241,-0.2080555069755702,1.45,4.0
6,MTR80,80,loading_response,Loading response,ml_outward,ML outward,0.0132913595204764,0.001742568461931,0.0594053842665658,-0.0552955344719394,1.45,4.0
6,MTR80,80,loading_response,Loading response,vgrf_norm_mean,Vertical GRF,0.8915787769810495,0.1279276341847816,1.237052138462419,0.0209736382230193,1.45,4.0
6,MTR80,80,midstance,Midstance,apgrf_norm_mean,APGRF,-0.0622042068464917,-0.0115758044843761,-0.0100835248857554,-0.1624411018501302,1.45,4.0
6,MTR80,80,midstance,Midstance,ml_outward,ML outward,0.0295311822429016,0.0055734070409902,0.0451657379983838,0.021688375645972,1.45,4.0
6,MTR80,80,midstance,Midstance,vgrf_norm_mean,Vertical GRF,0.7266094827878535,0.1367210711185963,1.083298675090555,0.5908064730712256,1.45,4.0
6,MTR80,80,pre_swing,Pre-swing,apgrf_norm_mean,APGRF,0.0782776893384643,0.0107159282508193,0.2003320412944839,0.0031307399151176,1.45,4.0
6,MTR80,80,pre_swing,Pre-swing,ml_outward,ML outward,0.0015121899715107,0.0001479357110046,0.0135597520117207,-0.0058385953822759,1.45,4.0
6,MTR80,80,pre_swing,Pre-swing,vgrf_norm_mean,Vertical GRF,0.4315749179232809,0.0597904776496989,0.8651324697283338,0.1240195380303078,1.45,4.0
6,MTR80,80,terminal_stance,Terminal stance,apgrf_norm_mean,APGRF,0.0852973200446611,0.0118778105274832,0.1876031681964628,-0.0042456723532862,1.45,4.0
6,MTR80,80,terminal_stance,Terminal stance,ml_outward,ML outward,0.0250060404319432,0.0035519418161475,0.0288786238180121,0.0186413932523116,1.45,4.0
6,MTR80,80,terminal_stance,Terminal stance,vgrf_norm_mean,Vertical GRF,0.8233087203546243,0.1157110278379869,0.9259715289659056,0.6610501497461652,1.45,4.0
7,Baseline,0,loading_response,Loading response,apgrf_norm_mean,APGRF,-0.0933597005172677,-0.0132803102076866,0.0342087938654578,-0.1572229678409787,1.0,0.0
7,Baseline,0,loading_response,Loading response,ml_outward,ML outward,0.0318825216482719,0.0043406974083576,0.0872068420348309,-0.006826130979059,1.0,0.0
7,Baseline,0,loading_response,Loading response,vgrf_norm_mean,Vertical GRF,0.6441075118673502,0.0911848981101988,1.0567630647843216,0.029482669196413,1.0,0.0
7,Baseline,0,midstance,Midstance,apgrf_norm_mean,APGRF,-0.0495762931565163,-0.0092446562366375,0.0070040992060792,-0.1411245781392281,1.0,0.0
7,Baseline,0,midstance,Midstance,ml_outward,ML outward,0.0685086485610028,0.0130238125213514,0.0866184901537421,0.0516111841157633,1.0,0.0
7,Baseline,0,midstance,Midstance,vgrf_norm_mean,Vertical GRF,0.985634438110929,0.187258307617022,1.1110136072476045,0.8908741811903024,1.0,0.0
7,Baseline,0,pre_swing,Pre-swing,apgrf_norm_mean,APGRF,0.1132970718184388,0.0162805824123631,0.1751417116014857,0.0009156027344353,1.0,0.0
7,Baseline,0,pre_swing,Pre-swing,ml_outward,ML outward,0.0321947304470367,0.0044267030055012,0.0798197322183397,-0.0024500764726312,1.0,0.0
7,Baseline,0,pre_swing,Pre-swing,vgrf_norm_mean,Vertical GRF,0.5801301931850272,0.0814633837919655,1.0885805413276357,0.0226484958300662,1.0,0.0
7,Baseline,0,terminal_stance,Terminal stance,apgrf_norm_mean,APGRF,0.0624699134992614,0.0086603540072515,0.1301498575725817,0.0118767459549443,1.0,0.0
7,Baseline,0,terminal_stance,Terminal stance,ml_outward,ML outward,0.0637659622184774,0.0089067388740452,0.0810640425928491,0.0511567759988123,1.0,0.0
7,Baseline,0,terminal_stance,Terminal stance,vgrf_norm_mean,Vertical GRF,0.9936479255624252,0.1390770948559443,1.09603797032852,0.8989467312265017,1.0,0.0
7,MTR20,20,loading_response,Loading response,apgrf_norm_mean,APGRF,-0.14162355780154,-0.0200782656540948,0.0477664799956064,-0.2530764235034977,1.08,1.0
7,MTR20,20,loading_response,Loading response,ml_outward,ML outward,0.0378328103136276,0.0052616842283627,0.0803401734251838,-0.0080353707462191,1.08,1.0
7,MTR20,20,loading_response,Loading response,vgrf_norm_mean,Vertical GRF,0.7655307130171578,0.1081680176287354,1.3026173270608683,0.0297005377067736,1.08,1.0
7,MTR20,20,midstance,Midstance,apgrf_norm_mean,APGRF,-0.0719940017891509,-0.0135097442314977,0.047354142301193,-0.2251653675676775,1.08,1.0
7,MTR20,20,midstance,Midstance,ml_outward,ML outward,0.0634706079960718,0.012112344114687,0.0893632663890846,0.0351467630240594,1.08,1.0
7,MTR20,20,midstance,Midstance,vgrf_norm_mean,Vertical GRF,0.9610149222735382,0.1820212008751158,1.3232632997513636,0.6974300063841825,1.08,1.0
7,MTR20,20,pre_swing,Pre-swing,apgrf_norm_mean,APGRF,0.1341414462093422,0.0192160198917102,0.1996044200683719,0.0056973954511771,1.08,1.0
7,MTR20,20,pre_swing,Pre-swing,ml_outward,ML outward,0.0323560287092309,0.0044387792724644,0.0828026533437218,-0.0040755419322851,1.08,1.0
7,MTR20,20,pre_swing,Pre-swing,vgrf_norm_mean,Vertical GRF,0.5732153587827151,0.0806305307650957,1.0344685089009404,0.0358861015613621,1.08,1.0
7,MTR20,20,terminal_stance,Terminal stance,apgrf_norm_mean,APGRF,0.1158260742522388,0.0162402019962592,0.1685880955281583,0.0581537327871576,1.08,1.0
7,MTR20,20,terminal_stance,Terminal stance,ml_outward,ML outward,0.0532309799980887,0.0073859814539631,0.082825848457095,0.0367726337355231,1.08,1.0
7,MTR20,20,terminal_stance,Terminal stance,vgrf_norm_mean,Vertical GRF,0.924667763211662,0.1297838703586442,1.047304062644638,0.7387081488523979,1.08,1.0
7,MTR40,40,loading_response,Loading response,apgrf_norm_mean,APGRF,-0.1624934293288738,-0.0231824738633857,0.0423341554782482,-0.2711231723809066,1.2,2.0
7,MTR40,40,loading_response,Loading response,ml_outward,ML outward,0.0328037862925844,0.0045705905371369,0.0709027061043166,-0.009891631754504,1.2,2.0
7,MTR40,40,loading_response,Loading response,vgrf_norm_mean,Vertical GRF,0.8103551941247915,0.1148128833166024,1.318271026121113,0.0298081343021483,1.2,2.0
7,MTR40,40,midstance,Midstance,apgrf_norm_mean,APGRF,-0.0650798015876499,-0.0120876230234215,0.0412596605363967,-0.2269271193580948,1.2,2.0
7,MTR40,40,midstance,Midstance,ml_outward,ML outward,0.0524161571015686,0.0100215846101197,0.076142094883892,0.0260316950672718,1.2,2.0
7,MTR40,40,midstance,Midstance,vgrf_norm_mean,Vertical GRF,0.9415762055236568,0.1783472061339338,1.3239435236364234,0.6613603236304622,1.2,2.0
7,MTR40,40,pre_swing,Pre-swing,apgrf_norm_mean,APGRF,0.1369420800659326,0.0195063686725706,0.2159185948789795,0.0112750175918316,1.2,2.0
7,MTR40,40,pre_swing,Pre-swing,ml_outward,ML outward,0.024057625353738,0.0032680413271977,0.0663589550159105,-0.0025710341945591,1.2,2.0
7,MTR40,40,pre_swing,Pre-swing,vgrf_norm_mean,Vertical GRF,0.5756579361433269,0.0808944922577406,1.0154096726696498,0.0764017201440932,1.2,2.0
7,MTR40,40,terminal_stance,Terminal stance,apgrf_norm_mean,APGRF,0.1165185517181108,0.0162996796858808,0.1853709528068393,0.050249661560311,1.2,2.0
7,MTR40,40,terminal_stance,Terminal stance,ml_outward,ML outward,0.0425872970367945,0.0059155170820686,0.0680618121160542,0.026619199177885,1.2,2.0
7,MTR40,40,terminal_stance,Terminal stance,vgrf_norm_mean,Vertical GRF,0.8579064325833952,0.1201806203645184,1.018088451380343,0.6829804532178214,1.2,2.0
7,MTR60,60,loading_response,Loading response,apgrf_norm_mean,APGRF,-0.127922765338704,-0.018315818764204,0.0463481619406986,-0.2154442254456947,1.3,3.0
7,MTR60,60,loading_response,Loading response,ml_outward,ML outward,0.0313625752308768,0.0042037037338632,0.0975215491714727,-0.0067440587321559,1.3,3.0
7,MTR60,60,loading_response,Loading response,vgrf_norm_mean,Vertical GRF,0.7740072652523209,0.1102241951346788,1.1493262522038,0.0296145098254381,1.3,3.0
7,MTR60,60,midstance,Midstance,apgrf_norm_mean,APGRF,-0.0468235514775378,-0.0086231702709095,0.0152440240177069,-0.1635520289373089,1.3,3.0
7,MTR60,60,midstance,Midstance,ml_outward,ML outward,0.0660459250936766,0.0125189860992395,0.1005189607542121,0.0369303468711908,1.3,3.0
7,MTR60,60,midstance,Midstance,vgrf_norm_mean,Vertical GRF,0.9126407643892358,0.1729504685673436,1.140721948131302,0.7619681575033026,1.3,3.0
7,MTR60,60,pre_swing,Pre-swing,apgrf_norm_mean,APGRF,0.1326363326648,0.0189147550661229,0.2245064855965336,0.0121055139086322,1.3,3.0
7,MTR60,60,pre_swing,Pre-swing,ml_outward,ML outward,0.0274035932540489,0.0037518182639068,0.0708044537466844,-0.0020601264863913,1.3,3.0
7,MTR60,60,pre_swing,Pre-swing,vgrf_norm_mean,Vertical GRF,0.5691548902713516,0.0795194485196628,1.1111652448146143,0.0610916804347553,1.3,3.0
7,MTR60,60,terminal_stance,Terminal stance,apgrf_norm_mean,APGRF,0.0765489163268877,0.0105524581388463,0.1669259031595248,0.0190499588778373,1.3,3.0
7,MTR60,60,terminal_stance,Terminal stance,ml_outward,ML outward,0.0468926919948052,0.006510088368326,0.068015155752839,0.0362027929741974,1.3,3.0
7,MTR60,60,terminal_stance,Terminal stance,vgrf_norm_mean,Vertical GRF,0.945047039496658,0.1322569049152269,1.11324502872708,0.7867851731272659,1.3,3.0
7,MTR80,80,loading_response,Loading response,apgrf_norm_mean,APGRF,-0.1400942272309266,-0.0200831934861207,0.0381304212923102,-0.2324932002204367,1.42,4.0
7,MTR80,80,loading_response,Loading response,ml_outward,ML outward,0.0299236743396648,0.0040465809220856,0.0860959717887119,-0.0087668141972731,1.42,4.0
7,MTR80,80,loading_response,Loading response,vgrf_norm_mean,Vertical GRF,0.8078478678852109,0.1150833883958148,1.191435986637173,0.0296667029936694,1.42,4.0
7,MTR80,80,midstance,Midstance,apgrf_norm_mean,APGRF,-0.0557966849986084,-0.0103644212119359,0.0132506294707655,-0.1722337870279141,1.42,4.0
7,MTR80,80,midstance,Midstance,ml_outward,ML outward,0.0668512723655948,0.0127243853927687,0.0927169911025902,0.0393476923541771,1.42,4.0
7,MTR80,80,midstance,Midstance,vgrf_norm_mean,Vertical GRF,0.9134142806795912,0.1730855337711777,1.184004265280346,0.7292689125271635,1.42,4.0
7,MTR80,80,pre_swing,Pre-swing,apgrf_norm_mean,APGRF,0.1344213690878492,0.0190430750133569,0.2401916934416313,0.01390422486048,1.42,4.0
7,MTR80,80,pre_swing,Pre-swing,ml_outward,ML outward,0.0235828058878529,0.0031996826886504,0.0652944612210089,-0.0020278766205143,1.42,4.0
7,MTR80,80,pre_swing,Pre-swing,vgrf_norm_mean,Vertical GRF,0.5376180101991715,0.0748101004729583,1.0935128145512558,0.0730073968322204,1.42,4.0
7,MTR80,80,terminal_stance,Terminal stance,apgrf_norm_mean,APGRF,0.090132295717254,0.0124640605507795,0.1928403276322424,0.0183164337294601,1.42,4.0
7,MTR80,80,terminal_stance,Terminal stance,ml_outward,ML outward,0.0445613652311572,0.0061753885650775,0.063097040883253,0.0377615325917169,1.42,4.0
7,MTR80,80,terminal_stance,Terminal stance,vgrf_norm_mean,Vertical GRF,0.9268083278920936,0.1297719583955827,1.1067303541795632,0.7456328109691925,1.42,4.0
8,Baseline,0,loading_response,Loading response,apgrf_norm_mean,APGRF,-0.0844979467859465,-0.0120821782096371,0.0524305541951068,-0.146951749551964,0.95,0.0
8,Baseline,0,loading_response,Loading response,ml_outward,ML outward,0.0299173389632625,0.0040899306736136,0.0820952580458607,-0.0108390950955258,0.95,0.0
8,Baseline,0,loading_response,Loading response,vgrf_norm_mean,Vertical GRF,0.5434935588791807,0.0767764917399008,0.9089917556550272,0.0405166627402342,0.95,0.0
8,Baseline,0,midstance,Midstance,apgrf_norm_mean,APGRF,-0.0624735407931695,-0.0118494260915054,0.0037201211952614,-0.1327765346209506,0.95,0.0
8,Baseline,0,midstance,Midstance,ml_outward,ML outward,0.0617812489967624,0.0117408390422704,0.078493247662732,0.043819808420602,0.95,0.0
8,Baseline,0,midstance,Midstance,vgrf_norm_mean,Vertical GRF,0.9313369752973352,0.1774570789527993,1.0438237215440984,0.8159594444110085,0.95,0.0
8,Baseline,0,pre_swing,Pre-swing,apgrf_norm_mean,APGRF,0.0973769776377282,0.0139996619760413,0.13527951092398,0.0040876043328281,0.95,0.0
8,Baseline,0,pre_swing,Pre-swing,ml_outward,ML outward,0.0384759720143184,0.005332118264945,0.0835766745708694,0.0042277664397639,0.95,0.0
8,Baseline,0,pre_swing,Pre-swing,vgrf_norm_mean,Vertical GRF,0.6164649098458023,0.0868971511358194,0.9956424661554024,0.1188746020547686,0.95,0.0
8,Baseline,0,terminal_stance,Terminal stance,apgrf_norm_mean,APGRF,0.0608317292570226,0.0085166356240935,0.1113556520042157,0.0102691008877525,0.95,0.0
8,Baseline,0,terminal_stance,Terminal stance,ml_outward,ML outward,0.0624334818722653,0.0087123666768949,0.0854342681869702,0.0454965199730731,0.95,0.0
8,Baseline,0,terminal_stance,Terminal stance,vgrf_norm_mean,Vertical GRF,0.9217889290672155,0.1291156019168807,1.0149537380225533,0.8228809490751883,0.95,0.0
8,MTR20,20,loading_response,Loading response,apgrf_norm_mean,APGRF,-0.108526959479421,-0.0155601828074416,0.037022286072976,-0.1745906074334319,1.1,1.0
8,MTR20,20,loading_response,Loading response,ml_outward,ML outward,0.0343869098978522,0.004723697643206,0.0878478436409249,-0.0131921080401473,1.1,1.0
8,MTR20,20,loading_response,Loading response,vgrf_norm_mean,Vertical GRF,0.678276141697828,0.0963042988638916,1.046765999580776,0.0406584785757265,1.1,1.0
8,MTR20,20,midstance,Midstance,apgrf_norm_mean,APGRF,-0.0583545201662174,-0.0109676908217258,0.0069102459092067,-0.1475528882127265,1.1,1.0
8,MTR20,20,midstance,Midstance,ml_outward,ML outward,0.0632708173368809,0.0120287892751618,0.0835894640522109,0.0414430892887476,1.1,1.0
8,MTR20,20,midstance,Midstance,vgrf_norm_mean,Vertical GRF,0.91403794124286,0.1738319431644492,1.0740389584086605,0.7307029968957568,1.1,1.0
8,MTR20,20,pre_swing,Pre-swing,apgrf_norm_mean,APGRF,0.1123717529232159,0.0160271827441839,0.1871382648478508,-0.0012500254679911,1.1,1.0
8,MTR20,20,pre_swing,Pre-swing,ml_outward,ML outward,0.0320458025259598,0.0044231757822098,0.0718745916282747,0.004864327708546,1.1,1.0
8,MTR20,20,pre_swing,Pre-swing,vgrf_norm_mean,Vertical GRF,0.562158842201183,0.0789713792472666,1.0022725570089537,0.0701893602368398,1.1,1.0
8,MTR20,20,terminal_stance,Terminal stance,apgrf_norm_mean,APGRF,0.0758941043465451,0.0105510957167561,0.1529012838371004,0.0137027032080256,1.1,1.0
8,MTR20,20,terminal_stance,Terminal stance,ml_outward,ML outward,0.0557656739375348,0.0077942346106591,0.0722811037979352,0.0418421921962715,1.1,1.0
8,MTR20,20,terminal_stance,Terminal stance,vgrf_norm_mean,Vertical GRF,0.8877435888441738,0.1243944003198968,1.0109878464549986,0.7465012083032656,1.1,1.0
8,MTR40,40,loading_response,Loading response,apgrf_norm_mean,APGRF,-0.1074468952045506,-0.0154463196761523,0.0267827436044545,-0.1674035527506101,1.18,2.0
8,MTR40,40,loading_response,Loading response,ml_outward,ML outward,0.0360785714922274,0.004977066433398,0.0872403835987332,-0.0101284186485471,1.18,2.0
8,MTR40,40,loading_response,Loading response,vgrf_norm_mean,Vertical GRF,0.6758552320576057,0.0960722087855464,1.0207923866226791,0.0404228179962047,1.18,2.0
8,MTR40,40,midstance,Midstance,apgrf_norm_mean,APGRF,-0.0499918823461732,-0.0093607042710261,0.0075841419578583,-0.1351185815995491,1.18,2.0
8,MTR40,40,midstance,Midstance,ml_outward,ML outward,0.0581586500129826,0.011031454780355,0.0830449676067656,0.0369125741401172,1.18,2.0
8,MTR40,40,midstance,Midstance,vgrf_norm_mean,Vertical GRF,0.8576724980599233,0.1628887609606252,1.0278710854567954,0.6901456935803462,1.18,2.0
8,MTR40,40,pre_swing,Pre-swing,apgrf_norm_mean,APGRF,0.0997479709359509,0.0141313516044512,0.1808487974267491,-0.0004812611618152,1.18,2.0
8,MTR40,40,pre_swing,Pre-swing,ml_outward,ML outward,0.028519831551844,0.0039163032658556,0.0680696026709293,0.0042646907132575,1.18,2.0
8,MTR40,40,pre_swing,Pre-swing,vgrf_norm_mean,Vertical GRF,0.5107114316364765,0.0714768338606245,0.9383207817733076,0.0876553951960707,1.18,2.0
8,MTR40,40,terminal_stance,Terminal stance,apgrf_norm_mean,APGRF,0.0738323842557982,0.0102410402618352,0.1525886129412498,0.0141748623656426,1.18,2.0
8,MTR40,40,terminal_stance,Terminal stance,ml_outward,ML outward,0.0526921250380605,0.0073695006581237,0.0689513190669273,0.0380018314219282,1.18,2.0
8,MTR40,40,terminal_stance,Terminal stance,vgrf_norm_mean,Vertical GRF,0.8463097553496238,0.1186188443369605,0.9552028171202228,0.7152353366188337,1.18,2.0
8,MTR60,60,loading_response,Loading response,apgrf_norm_mean,APGRF,-0.1337960997859374,-0.0191994480146956,0.020183923464241,-0.211497668258085,1.25,3.0
8,MTR60,60,loading_response,Loading response,ml_outward,ML outward,0.0410334944702028,0.0056487286262735,0.1031496465946698,-0.0170170471580426,1.25,3.0
8,MTR60,60,loading_response,Loading response,vgrf_norm_mean,Vertical GRF,0.7517642273927829,0.1067966796128065,1.1536139182525766,0.0404548682637882,1.25,3.0
8,MTR60,60,midstance,Midstance,apgrf_norm_mean,APGRF,-0.0629376981000892,-0.011788765184498,0.0098267261447105,-0.1695816132486802,1.25,3.0
8,MTR60,60,midstance,Midstance,ml_outward,ML outward,0.0672827821172073,0.0127503168475953,0.0967118465387192,0.0443364444843719,1.25,3.0
8,MTR60,60,midstance,Midstance,vgrf_norm_mean,Vertical GRF,0.9041458076310288,0.1714096994520549,1.154861966813275,0.7098360837120189,1.25,3.0
8,MTR60,60,pre_swing,Pre-swing,apgrf_norm_mean,APGRF,0.1233590426770372,0.0174465367758783,0.2317556340365344,0.0021194806729266,1.25,3.0
8,MTR60,60,pre_swing,Pre-swing,ml_outward,ML outward,0.0282243515294374,0.0038584007483578,0.0729559980945499,0.0020943981170037,1.25,3.0
8,MTR60,60,pre_swing,Pre-swing,vgrf_norm_mean,Vertical GRF,0.4938782704707234,0.0687483230579095,1.0231399422560423,0.0435435602837625,1.25,3.0
8,MTR60,60,terminal_stance,Terminal stance,apgrf_norm_mean,APGRF,0.0947151993428286,0.0131478830580105,0.1944437838446561,0.0174355848380966,1.25,3.0
8,MTR60,60,terminal_stance,Terminal stance,ml_outward,ML outward,0.0612993301278549,0.0085916425007296,0.0768392920839268,0.0450008123851406,1.25,3.0
8,MTR60,60,terminal_stance,Terminal stance,vgrf_norm_mean,Vertical GRF,0.9297767105500784,0.1305136352255421,1.0574861474154105,0.7471620934262218,1.25,3.0
8,MTR80,80,loading_response,Loading response,apgrf_norm_mean,APGRF,-0.1540364772064029,-0.022143782678279,0.0059975190449848,-0.2397016160261723,1.35,4.0
8,MTR80,80,loading_response,Loading response,ml_outward,ML outward,0.047145871116393,0.0065201463952281,0.1111094121367253,-0.0158614612034871,1.35,4.0
8,MTR80,80,loading_response,Loading response,vgrf_norm_mean,Vertical GRF,0.8268185762512814,0.117648749082038,1.2397220519975758,0.0405963898603328,1.35,4.0
8,MTR80,80,midstance,Midstance,apgrf_norm_mean,APGRF,-0.0604344725702793,-0.0112670884618111,0.0139276232364134,-0.1778888336853671,1.35,4.0
8,MTR80,80,midstance,Midstance,ml_outward,ML outward,0.0680836218868169,0.0128849623159886,0.1052865336439309,0.0409911020064973,1.35,4.0
8,MTR80,80,midstance,Midstance,vgrf_norm_mean,Vertical GRF,0.8874748091126959,0.1678753316041729,1.2249505962673066,0.6641642006568516,1.35,4.0
8,MTR80,80,pre_swing,Pre-swing,apgrf_norm_mean,APGRF,0.1273968612244826,0.0179172030718277,0.255906402759734,0.0028880323302283,1.35,4.0
8,MTR80,80,pre_swing,Pre-swing,ml_outward,ML outward,0.0269966928642469,0.003673007079573,0.0739699129016088,0.0013294571111825,1.35,4.0
8,MTR80,80,pre_swing,Pre-swing,vgrf_norm_mean,Vertical GRF,0.4543173672322182,0.0628421006313093,1.0343587141571358,0.0267421765475404,1.35,4.0
8,MTR80,80,terminal_stance,Terminal stance,apgrf_norm_mean,APGRF,0.1069862669031257,0.0148474896705354,0.2194553474301365,0.0206347255565415,1.35,4.0
8,MTR80,80,terminal_stance,Terminal stance,ml_outward,ML outward,0.0612497333833133,0.0085942168183533,0.0786906605968777,0.0417335317911762,1.35,4.0
8,MTR80,80,terminal_stance,Terminal stance,vgrf_norm_mean,Vertical GRF,0.9331785921628154,0.13106598223857,1.076582303750642,0.7216601296895728,1.35,4.0
9,Baseline,0,loading_response,Loading response,apgrf_norm_mean,APGRF,-0.0599409192783817,-0.0084831957712233,0.0437650932825132,-0.1271704961396876,0.9,0.0
9,Baseline,0,loading_response,Loading response,ml_outward,ML outward,0.0202298997035195,0.0027130337972644,0.0642412507567042,-0.0250768068788572,0.9,0.0
9,Baseline,0,loading_response,Loading response,vgrf_norm_mean,Vertical GRF,0.5327416838855517,0.075443653754708,0.8730441659978172,0.023869282210669,0.9,0.0
9,Baseline,0,midstance,Midstance,apgrf_norm_mean,APGRF,-0.0462650594187592,-0.0087524804405985,-0.0092220249059433,-0.0908842637247092,0.9,0.0
9,Baseline,0,midstance,Midstance,ml_outward,ML outward,0.0642496570779346,0.0121756570372622,0.072482746580973,0.0592739366075463,0.9,0.0
9,Baseline,0,midstance,Midstance,vgrf_norm_mean,Vertical GRF,0.9466518880894372,0.1802734662563436,0.9804830197146328,0.8816257963155,0.9,0.0
9,Baseline,0,pre_swing,Pre-swing,apgrf_norm_mean,APGRF,0.0959735869990457,0.0138826899344997,0.1323818487105907,0.0137053710641654,0.9,0.0
9,Baseline,0,pre_swing,Pre-swing,ml_outward,ML outward,0.0501270080171212,0.0070483821032918,0.0917776410524339,0.0031047347928873,0.9,0.0
9,Baseline,0,pre_swing,Pre-swing,vgrf_norm_mean,Vertical GRF,0.6578489612803425,0.0929719372305922,1.0225064279779508,0.1185749643138747,0.9,0.0
9,Baseline,0,terminal_stance,Terminal stance,apgrf_norm_mean,APGRF,0.0367668240967926,0.0051332905363974,0.0807005395457255,-0.0043539239214437,0.9,0.0
9,Baseline,0,terminal_stance,Terminal stance,ml_outward,ML outward,0.0791894215223553,0.0110821543906542,0.0901313018042053,0.0691204657355973,0.9,0.0
9,Baseline,0,terminal_stance,Terminal stance,vgrf_norm_mean,Vertical GRF,0.9917954831618452,0.1389472301889409,1.0389372477639371,0.9320316522013836,0.9,0.0
9,MTR20,20,loading_response,Loading response,apgrf_norm_mean,APGRF,-0.0770153976673383,-0.0108674180800003,0.0244357033376677,-0.1373973888931277,1.0,1.0
9,MTR20,20,loading_response,Loading response,ml_outward,ML outward,0.0200828804854454,0.0026616514300934,0.0720103413366233,-0.0196479023457876,1.0,1.0
9,MTR20,20,loading_response,Loading response,vgrf_norm_mean,Vertical GRF,0.630759986501931,0.0890932284812377,1.0804121771875517,0.0237417216228262,1.0,1.0
9,MTR20,20,midstance,Midstance,apgrf_norm_mean,APGRF,-0.0591200361486123,-0.0112018525535367,-0.0074762133071538,-0.1169547219299902,1.0,1.0
9,MTR20,20,midstance,Midstance,ml_outward,ML outward,0.0668136881212111,0.0126600771857221,0.0795936434196191,0.0611740143773854,1.0,1.0
9,MTR20,20,midstance,Midstance,vgrf_norm_mean,Vertical GRF,0.9773660296734666,0.1854377073387448,1.1019986161211337,0.9006623637105953,1.0,1.0
9,MTR20,20,pre_swing,Pre-swing,apgrf_norm_mean,APGRF,0.102755083577996,0.0147538644871594,0.1613173778462368,0.009396667695246,1.0,1.0
9,MTR20,20,pre_swing,Pre-swing,ml_outward,ML outward,0.0338870375229936,0.0047061515739115,0.0724052547604878,0.0028007051707497,1.0,1.0
9,MTR20,20,pre_swing,Pre-swing,vgrf_norm_mean,Vertical GRF,0.550526288383407,0.0774672835242532,0.9374984463217912,0.0848335003297706,1.0,1.0
9,MTR20,20,terminal_stance,Terminal stance,apgrf_norm_mean,APGRF,0.0539398317150638,0.007528438739827,0.1126834550709003,-0.0001762515844036,1.0,1.0
9,MTR20,20,terminal_stance,Terminal stance,ml_outward,ML outward,0.0705469227144125,0.0098963740874592,0.0743052857429977,0.0635156199567498,1.0,1.0
9,MTR20,20,terminal_stance,Terminal stance,vgrf_norm_mean,Vertical GRF,0.9667280671157054,0.1355946724026384,0.9895040799902892,0.9267911090581477,1.0,1.0
9,MTR40,40,loading_response,Loading response,apgrf_norm_mean,APGRF,-0.1004882703514234,-0.0141917849228575,-0.0061533842743625,-0.1723452533064358,1.1,2.0
9,MTR40,40,loading_response,Loading response,ml_outward,ML outward,0.0333395317106506,0.0045390007681172,0.0922154234039463,-0.0211277580652849,1.1,2.0
9,MTR40,40,loading_response,Loading response,vgrf_norm_mean,Vertical GRF,0.7331631046570641,0.1032724175166161,1.3166268094656273,0.023782826923075,1.1,2.0
9,MTR40,40,midstance,Midstance,apgrf_norm_mean,APGRF,-0.0596533693136846,-0.0112240719377344,0.0101067391013864,-0.1514271241018745,1.1,2.0
9,MTR40,40,midstance,Midstance,ml_outward,ML outward,0.0869263396126514,0.0165199640882309,0.104254805286112,0.0736599890844319,1.1,2.0
9,MTR40,40,midstance,Midstance,vgrf_norm_mean,Vertical GRF,1.026181753939288,0.194514724070218,1.3326264305143505,0.8112732423889861,1.1,2.0
9,MTR40,40,pre_swing,Pre-swing,apgrf_norm_mean,APGRF,0.1154628358162557,0.0165418066592436,0.1793593310637157,0.0082654119056977,1.1,2.0
9,MTR40,40,pre_swing,Pre-swing,ml_outward,ML outward,0.0342550004971646,0.0047425674359073,0.0787930476705325,0.0002524288443698,1.1,2.0
9,MTR40,40,pre_swing,Pre-swing,vgrf_norm_mean,Vertical GRF,0.4975908238696328,0.06992241386889,0.9028327535208254,0.0404091887901514,1.1,2.0
9,MTR40,40,terminal_stance,Terminal stance,apgrf_norm_mean,APGRF,0.0706156512923452,0.0098299541985911,0.1363834106575467,0.0160952883945715,1.1,2.0
9,MTR40,40,terminal_stance,Terminal stance,ml_outward,ML outward,0.0790746315928546,0.0110848101168457,0.0825416376387816,0.0738201030033944,1.1,2.0
9,MTR40,40,terminal_stance,Terminal stance,vgrf_norm_mean,Vertical GRF,0.8821325499358097,0.1236494696036997,0.9229492635161772,0.8199350290756826,1.1,2.0
9,MTR60,60,loading_response,Loading response,apgrf_norm_mean,APGRF,-0.1058674909742146,-0.014961542681442,0.0057988914044607,-0.1859187420174712,1.2,3.0
9,MTR60,60,loading_response,Loading response,ml_outward,ML outward,0.029008533793552,0.0039053756487555,0.0892858224349741,-0.0207791558571456,1.2,3.0
9,MTR60,60,loading_response,Loading response,vgrf_norm_mean,Vertical GRF,0.8108790463452671,0.1145846604078942,1.3856433070689504,0.0237960017102286,1.2,3.0
9,MTR60,60,midstance,Midstance,apgrf_norm_mean,APGRF,-0.0584845679867998,-0.0109779798047452,0.0124530761982073,-0.1562398347211598,1.2,3.0
9,MTR60,60,midstance,Midstance,ml_outward,ML outward,0.0810192867454278,0.0153825348965106,0.0997344120399642,0.0674387659762046,1.2,3.0
9,MTR60,60,midstance,Midstance,vgrf_norm_mean,Vertical GRF,1.015682757820578,0.1921257389027471,1.3842138573825054,0.8085296565901203,1.2,3.0
9,MTR60,60,pre_swing,Pre-swing,apgrf_norm_mean,APGRF,0.1117945341200632,0.0159564835459454,0.1849964757214135,0.0056008899938144,1.2,3.0
9,MTR60,60,pre_swing,Pre-swing,ml_outward,ML outward,0.0262680818563811,0.0035935423879769,0.0685238157341733,-0.0003672364982411,1.2,3.0
9,MTR60,60,pre_swing,Pre-swing,vgrf_norm_mean,Vertical GRF,0.4406081091794952,0.0616387137729161,0.8675399821293415,0.0229605386722961,1.2,3.0
9,MTR60,60,terminal_stance,Terminal stance,apgrf_norm_mean,APGRF,0.0776960798937648,0.0108283925440459,0.1461829186296966,0.0190209693740641,1.2,3.0
9,MTR60,60,terminal_stance,Terminal stance,ml_outward,ML outward,0.0717378897035178,0.0100619212867446,0.0742513491447019,0.0673378916765031,1.2,3.0
9,MTR60,60,terminal_stance,Terminal stance,vgrf_norm_mean,Vertical GRF,0.8765950285542305,0.1229406164871748,0.9073325520311843,0.8242326892962915,1.2,3.0
9,MTR80,80,loading_response,Loading response,apgrf_norm_mean,APGRF,-0.1209070984440131,-0.0171573811585473,-0.0013277184297366,-0.2104991444493663,1.3,4.0
9,MTR80,80,loading_response,Loading response,ml_outward,ML outward,0.0369585159915878,0.0050401115380772,0.1030539515098004,-0.0103171431762334,1.3,4.0
9,MTR80,80,loading_response,Loading response,vgrf_norm_mean,Vertical GRF,0.8826549486064446,0.1249475824926458,1.4662715511111508,0.0238604085530097,1.3,4.0
9,MTR80,80,midstance,Midstance,apgrf_norm_mean,APGRF,-0.0563865537414571,-0.010531511464619,0.0177815953325744,-0.1669414520670539,1.3,4.0
9,MTR80,80,midstance,Midstance,ml_outward,ML outward,0.0842657305630334,0.0159785340316996,0.1088726882952022,0.0673704760734877,1.3,4.0
9,MTR80,80,midstance,Midstance,vgrf_norm_mean,Vertical GRF,0.9978327589986548,0.1884343576069814,1.4540657663031138,0.7593640418608518,1.3,4.0
9,MTR80,80,pre_swing,Pre-swing,apgrf_norm_mean,APGRF,0.1111458484225971,0.015786246068277,0.1960910430805126,0.0031960735125478,1.3,4.0
9,MTR80,80,pre_swing,Pre-swing,ml_outward,ML outward,0.0235112694273919,0.0031934310054013,0.0660651440449745,-0.001361102450884,1.3,4.0
9,MTR80,80,pre_swing,Pre-swing,vgrf_norm_mean,Vertical GRF,0.4072550783409939,0.056686857474697,0.869303953009307,0.0109769022811122,1.3,4.0
9,MTR80,80,terminal_stance,Terminal stance,apgrf_norm_mean,APGRF,0.0879940382248962,0.0122635286957433,0.1628354441286176,0.0242799634696012,1.3,4.0
9,MTR80,80,terminal_stance,Terminal stance,ml_outward,ML outward,0.0713208391440645,0.0100090164656797,0.0740765385473199,0.0674626949975555,1.3,4.0
9,MTR80,80,terminal_stance,Terminal stance,vgrf_norm_mean,Vertical GRF,0.8683173398275539,0.1218725402076612,0.9196446007035164,0.7823617310114247,1.3,4.0
10,Baseline,0,loading_response,Loading response,apgrf_norm_mean,APGRF,-0.0140922750434404,-0.0016730767635373,0.0971284983623022,-0.0994626204224834,1.1,0.0
10,Baseline,0,loading_response,Loading response,ml_outward,ML outward,0.0056352074037268,0.0006500664340823,0.0397792823453629,-0.0279583675449727,1.1,0.0
10,Baseline,0,loading_response,Loading response,vgrf_norm_mean,Vertical GRF,0.376933716513564,0.0523854826736744,0.8089790822085751,0.021935878463452,1.1,0.0
10,Baseline,0,midstance,Midstance,apgrf_norm_mean,APGRF,-0.0366339035048307,-0.0068767768925176,0.0102184668981123,-0.1005733705830317,1.1,0.0
10,Baseline,0,midstance,Midstance,ml_outward,ML outward,0.0428758530752287,0.0081861576545154,0.0543798722150887,0.0340080139118765,1.1,0.0
10,Baseline,0,midstance,Midstance,vgrf_norm_mean,Vertical GRF,0.8092417882220054,0.1538110247779835,0.9254219099702772,0.7160049438247238,1.1,0.0
10,Baseline,0,pre_swing,Pre-swing,apgrf_norm_mean,APGRF,0.0987582034506691,0.0143183014934939,0.1338739069132412,0.0211105847511327,1.1,0.0
10,Baseline,0,pre_swing,Pre-swing,ml_outward,ML outward,0.037567389111176,0.0052208230443451,0.075305258865807,0.0041846542775448,1.1,0.0
10,Baseline,0,pre_swing,Pre-swing,vgrf_norm_mean,Vertical GRF,0.5874851504466515,0.0829872759168179,0.9306521604725482,0.0964471695634165,1.1,0.0
10,Baseline,0,terminal_stance,Terminal stance,apgrf_norm_mean,APGRF,0.040876086915232,0.0056966531441025,0.0738678037530674,0.0130841748833831,1.1,0.0
10,Baseline,0,terminal_stance,Terminal stance,ml_outward,ML outward,0.0535752801741514,0.0074713629082587,0.0769864939909169,0.0363303989090823,1.1,0.0
10,Baseline,0,terminal_stance,Terminal stance,vgrf_norm_mean,Vertical GRF,0.8759548201354252,0.1228187257819871,0.9569229706586276,0.7703247628897101,1.1,0.0
10,MTR20,20,loading_response,Loading response,apgrf_norm_mean,APGRF,-0.0524871334297181,-0.0071864097832187,0.0796864745647903,-0.1422843167656539,1.2,1.0
10,MTR20,20,loading_response,Loading response,ml_outward,ML outward,0.0081388223371198,0.000960132934111,0.0534366725661557,-0.0378815124984761,1.2,1.0
10,MTR20,20,loading_response,Loading response,vgrf_norm_mean,Vertical GRF,0.490299793028879,0.0687972707108936,0.9275460542941576,0.02199359439348,1.2,1.0
10,MTR20,20,midstance,Midstance,apgrf_norm_mean,APGRF,-0.0629271313932332,-0.0118142214222855,-0.0206556617685116,-0.1335853095037084,1.2,1.0
10,MTR20,20,midstance,Midstance,ml_outward,ML outward,0.0518760012607442,0.0098773520511364,0.0646647508431552,0.041136136036265,1.2,1.0
10,MTR20,20,midstance,Midstance,vgrf_norm_mean,Vertical GRF,0.8754202336686583,0.1664255087802209,0.990286469980975,0.7701291961960606,1.2,1.0
10,MTR20,20,pre_swing,Pre-swing,apgrf_norm_mean,APGRF,0.1020437048053653,0.0149419961819659,0.1511952303353425,-0.0131843497838922,1.2,1.0
10,MTR20,20,pre_swing,Pre-swing,ml_outward,ML outward,0.0433116259816954,0.006057925910105,0.0792104749382001,0.0030155338270545,1.2,1.0
10,MTR20,20,pre_swing,Pre-swing,vgrf_norm_mean,Vertical GRF,0.6527938404835414,0.0922494756860608,0.9975746243360818,0.136345452957985,1.2,1.0
10,MTR20,20,terminal_stance,Terminal stance,apgrf_norm_mean,APGRF,0.0237628634392059,0.0032693935429723,0.0763975747298672,-0.0173903801481678,1.2,1.0
10,MTR20,20,terminal_stance,Terminal stance,ml_outward,ML outward,0.0586217403339673,0.0081831829122268,0.0788500576968436,0.0431655698768035,1.2,1.0
10,MTR20,20,terminal_stance,Terminal stance,vgrf_norm_mean,Vertical GRF,0.9007584131335457,0.1261609668582347,1.0063430990298017,0.7848905263764143,1.2,1.0
10,MTR40,40,loading_response,Loading response,apgrf_norm_mean,APGRF,-0.0666207541084853,-0.0092006738588886,0.0819126056832568,-0.1683696066170487,1.3,2.0
10,MTR40,40,loading_response,Loading response,ml_outward,ML outward,0.0097163453994288,0.0011718363960454,0.05820091042077,-0.0380367350796466,1.3,2.0
10,MTR40,40,loading_response,Loading response,vgrf_norm_mean,Vertical GRF,0.5592375272188517,0.0785173138198739,1.0516043873131655,0.0220586652776071,1.3,2.0
10,MTR40,40,midstance,Midstance,apgrf_norm_mean,APGRF,-0.0650102910120459,-0.0121513487601267,-0.0199560894699211,-0.1501857989865717,1.3,2.0
10,MTR40,40,midstance,Midstance,ml_outward,ML outward,0.0537489992623416,0.010226121916112,0.0696754121435526,0.0418500222532783,1.3,2.0
10,MTR40,40,midstance,Midstance,vgrf_norm_mean,Vertical GRF,0.8664045982479636,0.164123637073867,1.0714302215285243,0.7371280225368205,1.3,2.0
10,MTR40,40,pre_swing,Pre-swing,apgrf_norm_mean,APGRF,0.1077809387413078,0.0157367669442876,0.1711457157020217,-0.0180806364452286,1.3,2.0
10,MTR40,40,pre_swing,Pre-swing,ml_outward,ML outward,0.0406692456590364,0.0056442094390283,0.0847396674083496,0.0003336284753618,1.3,2.0
10,MTR40,40,pre_swing,Pre-swing,vgrf_norm_mean,Vertical GRF,0.6127765489848194,0.0863148621593498,1.028446913257309,0.0918771244173044,1.3,2.0
10,MTR40,40,terminal_stance,Terminal stance,apgrf_norm_mean,APGRF,0.0303309240974523,0.0041736826714378,0.0920321664270988,-0.0168409777910998,1.3,2.0
10,MTR40,40,terminal_stance,Terminal stance,ml_outward,ML outward,0.064061376780813,0.0089663663871344,0.0849982373208342,0.0435697886766757,1.3,2.0
10,MTR40,40,terminal_stance,Terminal stance,vgrf_norm_mean,Vertical GRF,0.9298518766318502,0.130375859220538,1.0446936157993274,0.7793250017052921,1.3,2.0
10,MTR60,60,loading_response,Loading response,apgrf_norm_mean,APGRF,-0.0785917818012499,-0.0109210955543577,0.0818011811580462,-0.1896969678547604,1.45,3.0
10,MTR60,60,loading_response,Loading response,ml_outward,ML outward,0.0115473370583801,0.0014219533381858,0.0623738384526861,-0.0331376669745296,1.45,3.0
10,MTR60,60,loading_response,Loading response,vgrf_norm_mean,Vertical GRF,0.6059750220745103,0.0852446441664702,1.1082407307987747,0.0220810981424967,1.45,3.0
10,MTR60,60,midstance,Midstance,apgrf_norm_mean,APGRF,-0.0621335086150527,-0.0115414853022342,-0.01649419476139,-0.1605490893938622,1.45,3.0
10,MTR60,60,midstance,Midstance,ml_outward,ML outward,0.0561555355124395,0.0106853944516756,0.073148943707541,0.0436111125856249,1.45,3.0
10,MTR60,60,midstance,Midstance,vgrf_norm_mean,Vertical GRF,0.8573514492306016,0.1621701409648746,1.110080776425839,0.7236327242403451,1.45,3.0
10,MTR60,60,pre_swing,Pre-swing,apgrf_norm_mean,APGRF,0.1114632563794445,0.0161795596494137,0.1894173526914017,-0.0180382041096615,1.45,3.0
10,MTR60,60,pre_swing,Pre-swing,ml_outward,ML outward,0.0343381281169617,0.0047429479645554,0.077334993601054,-0.0009923195704933,1.45,3.0
10,MTR60,60,pre_swing,Pre-swing,vgrf_norm_mean,Vertical GRF,0.5712068443695754,0.0802312736202573,1.01405323244644,0.0758973745893389,1.45,3.0
10,MTR60,60,terminal_stance,Terminal stance,apgrf_norm_mean,APGRF,0.0402940056714046,0.005546680638632,0.1129128075614281,-0.0134287651456939,1.45,3.0
10,MTR60,60,terminal_stance,Terminal stance,ml_outward,ML outward,0.062608674021882,0.0087704792313326,0.0798005291724411,0.0449220218188255,1.45,3.0
10,MTR60,60,terminal_stance,Terminal stance,vgrf_norm_mean,Vertical GRF,0.9203899976845782,0.1290745198778883,1.041731704157285,0.7636795343384167,1.45,3.0
10,MTR80,80,loading_response,Loading response,apgrf_norm_mean,APGRF,-0.0957908817836808,-0.0134224386669035,0.0772282181763835,-0.2161011924423627,1.55,4.0
10,MTR80,80,loading_response,Loading response,ml_outward,ML outward,0.0135222540297345,0.0017064594026475,0.0648154424648329,-0.0324800981542372,1.55,4.0
10,MTR80,80,loading_response,Loading response,vgrf_norm_mean,Vertical GRF,0.666455717240723,0.093996571561971,1.175808671368419,0.0220287956057262,1.55,4.0
10,MTR80,80,midstance,Midstance,apgrf_norm_mean,APGRF,-0.0591548281516556,-0.0109070881664997,-0.0152711132746528,-0.169504379491627,1.55,4.0
10,MTR80,80,midstance,Midstance,ml_outward,ML outward,0.056199180216173,0.0106837269307834,0.0740947755107744,0.0431662709597975,1.55,4.0
10,MTR80,80,midstance,Midstance,vgrf_norm_mean,Vertical GRF,0.8263196659352391,0.1558363704698139,1.1549049193715892,0.6743124646721554,1.55,4.0
10,MTR80,80,pre_swing,Pre-swing,apgrf_norm_mean,APGRF,0.1118922167476303,0.0161381794601016,0.2051020536749952,-0.0198084616566819,1.55,4.0
10,MTR80,80,pre_swing,Pre-swing,ml_outward,ML outward,0.0303850435271378,0.0041534460482038,0.0773526102556023,-0.0023417650111047,1.55,4.0
10,MTR80,80,pre_swing,Pre-swing,vgrf_norm_mean,Vertical GRF,0.5336872052728332,0.0745758566493308,1.0300535081395006,0.0653913201793169,1.55,4.0
10,MTR80,80,terminal_stance,Terminal stance,apgrf_norm_mean,APGRF,0.0496848985469752,0.0068453801863837,0.1335444647554752,-0.0120735456229659,1.55,4.0
10,MTR80,80,terminal_stance,Terminal stance,ml_outward,ML outward,0.0668439238203526,0.0093986996684734,0.0818340123438461,0.0455334354573904,1.55,4.0
10,MTR80,80,terminal_stance,Terminal stance,vgrf_norm_mean,Vertical GRF,0.94349783973376,0.1324901289715002,1.073059950230924,0.750493695991912,1.55,4.0
12,Baseline,0,loading_response,Loading response,apgrf_norm_mean,APGRF,-0.1112753401344695,-0.0158211158961337,0.0322109626044127,-0.1986091734021304,1.2,0.0
12,Baseline,0,loading_response,Loading response,ml_outward,ML outward,0.0346390027754518,0.0047965324975999,0.0789783437722913,-0.0081820242352922,1.2,0.0
12,Baseline,0,loading_response,Loading response,vgrf_norm_mean,Vertical GRF,0.7110064863946005,0.1005271629551352,1.1953678763646107,0.0293941244463643,1.2,0.0
12,Baseline,0,midstance,Midstance,apgrf_norm_mean,APGRF,-0.0702320482741476,-0.0132012805336774,0.0046391844477449,-0.1736650086781596,1.2,0.0
12,Baseline,0,midstance,Midstance,ml_outward,ML outward,0.0605382314785812,0.0115119265018047,0.0790416168777573,0.0389851356147712,1.2,0.0
12,Baseline,0,midstance,Midstance,vgrf_norm_mean,Vertical GRF,0.8829998283685201,0.1670654986149773,1.2001975936268932,0.6876742131140026,1.2,0.0
12,Baseline,0,pre_swing,Pre-swing,apgrf_norm_mean,APGRF,0.1202216681308775,0.0170159760452295,0.2296399237262635,0.0013130263160489,1.2,0.0
12,Baseline,0,pre_swing,Pre-swing,ml_outward,ML outward,0.0230628004071087,0.0030693790746502,0.0770793362891668,-0.0042672710328576,1.2,0.0
12,Baseline,0,pre_swing,Pre-swing,vgrf_norm_mean,Vertical GRF,0.5170567905435735,0.0717565439518387,1.1473644870402642,0.0130304388991925,1.2,0.0
12,Baseline,0,terminal_stance,Terminal stance,apgrf_norm_mean,APGRF,0.0907256822023016,0.012617505307626,0.1866497537181057,0.0116196508257353,1.2,0.0
12,Baseline,0,terminal_stance,Terminal stance,ml_outward,ML outward,0.0650056248025229,0.0091348534449065,0.0836258973616022,0.0417960039817353,1.2,0.0
12,Baseline,0,terminal_stance,Terminal stance,vgrf_norm_mean,Vertical GRF,0.9581768890938224,0.1342937223696569,1.1651497706913654,0.7225298920220852,1.2,0.0
12,MTR20,20,loading_response,Loading response,apgrf_norm_mean,APGRF,-0.1319755965633718,-0.0187838533876592,0.0242010830211677,-0.2227750588669702,1.3,1.0
12,MTR20,20,loading_response,Loading response,ml_outward,ML outward,0.03625410809995,0.0050439535651227,0.0822341452940082,-0.0157637958512084,1.3,1.0
12,MTR20,20,loading_response,Loading response,vgrf_norm_mean,Vertical GRF,0.8469832873408427,0.1201105095421249,1.3624275352004247,0.0295078132736564,1.3,1.0
12,MTR20,20,midstance,Midstance,apgrf_norm_mean,APGRF,-0.0760420874859486,-0.0142524719539428,0.0086606748850963,-0.1998497835344677,1.3,1.0
12,MTR20,20,midstance,Midstance,ml_outward,ML outward,0.0528865345810758,0.0100477453036424,0.0837615918512502,0.0238546046915807,1.3,1.0
12,MTR20,20,midstance,Midstance,vgrf_norm_mean,Vertical GRF,0.8635032277546879,0.1629795109647619,1.34315547266443,0.5747510965112981,1.3,1.0
12,MTR20,20,pre_swing,Pre-swing,apgrf_norm_mean,APGRF,0.1104586941323319,0.0152623161645962,0.2678559963719724,0.0,1.3,1.0
12,MTR20,20,pre_swing,Pre-swing,ml_outward,ML outward,0.0147920264002954,0.00196542167076,0.0506764578568461,-0.0036328725023801,1.3,1.0
12,MTR20,20,pre_swing,Pre-swing,vgrf_norm_mean,Vertical GRF,0.3738083853634552,0.0508901567831822,1.0362202042672073,0.0,1.3,1.0
12,MTR20,20,terminal_stance,Terminal stance,apgrf_norm_mean,APGRF,0.1251830972103763,0.01743619567831,0.2517753278903493,0.0164784527589366,1.3,1.0
12,MTR20,20,terminal_stance,Terminal stance,ml_outward,ML outward,0.047119791206225,0.0066535916746229,0.0631601289456962,0.0269029354009666,1.3,1.0
12,MTR20,20,terminal_stance,Terminal stance,vgrf_norm_mean,Vertical GRF,0.9108191278871652,0.1280892014989103,1.1250794526431966,0.6212936838685358,1.3,1.0
12,MTR40,40,loading_response,Loading response,apgrf_norm_mean,APGRF,-0.1535623757758879,-0.021847764398652,0.0305493672591843,-0.2648647103874351,1.4,2.0
12,MTR40,40,loading_response,Loading response,ml_outward,ML outward,0.038976705491944,0.0054305692808088,0.0843729570066466,-0.0167535914367841,1.4,2.0
12,MTR40,40,loading_response,Loading response,vgrf_norm_mean,Vertical GRF,0.9140946654235108,0.1298195603133214,1.44734973493222,0.0296105911793736,1.4,2.0
12,MTR40,40,midstance,Midstance,apgrf_norm_mean,APGRF,-0.0805195399307691,-0.0149798235132197,0.0074094769060614,-0.2322263714928837,1.4,2.0
12,MTR40,40,midstance,Midstance,ml_outward,ML outward,0.0515306059036576,0.0097809116939581,0.0889119344201391,0.0173677422857855,1.4,2.0
12,MTR40,40,midstance,Midstance,vgrf_norm_mean,Vertical GRF,0.8198060877735411,0.1544688306743029,1.402697010035245,0.4635246737944334,1.4,2.0
12,MTR40,40,pre_swing,Pre-swing,apgrf_norm_mean,APGRF,0.1239060293919636,0.0170721940937739,0.3105017490734738,0.0,1.4,2.0
12,MTR40,40,pre_swing,Pre-swing,ml_outward,ML outward,0.014827719477618,0.0019722929939185,0.0503729855448246,-0.0033704178728509,1.4,2.0
12,MTR40,40,pre_swing,Pre-swing,vgrf_norm_mean,Vertical GRF,0.379814612019179,0.0515431973963977,1.085798881295822,0.0,1.4,2.0
12,MTR40,40,terminal_stance,Terminal stance,apgrf_norm_mean,APGRF,0.1384178047349678,0.019232995032961,0.2915631695139998,0.0143719659428259,1.4,2.0
12,MTR40,40,terminal_stance,Terminal stance,ml_outward,ML outward,0.0443616438328342,0.0062719237337673,0.0637976603359002,0.0205903243260699,1.4,2.0
12,MTR40,40,terminal_stance,Terminal stance,vgrf_norm_mean,Vertical GRF,0.8928940729591077,0.1256412300477805,1.1817565198905942,0.5203832827141317,1.4,2.0
12,MTR60,60,loading_response,Loading response,apgrf_norm_mean,APGRF,-0.1698735966417063,-0.0241675892165402,0.0227835185415705,-0.2944191248698957,1.45,3.0
12,MTR60,60,loading_response,Loading response,ml_outward,ML outward,0.0415683474256773,0.0057949883888335,0.0910384830172148,-0.0200489432934071,1.45,3.0
12,MTR60,60,loading_response,Loading response,vgrf_norm_mean,Vertical GRF,0.9649760251427064,0.1372542239457508,1.504660049410978,0.0296579931871207,1.45,3.0
12,MTR60,60,midstance,Midstance,apgrf_norm_mean,APGRF,-0.0835898651584721,-0.0154772606968854,0.0031140328903478,-0.251256499852145,1.45,3.0
12,MTR60,60,midstance,Midstance,ml_outward,ML outward,0.0523834477080486,0.0099283221027122,0.0953760425092755,0.0170495260250849,1.45,3.0
12,MTR60,60,midstance,Midstance,vgrf_norm_mean,Vertical GRF,0.7973497495155013,0.1500425730852415,1.4343728503851532,0.4133878163787349,1.45,3.0
12,MTR60,60,pre_swing,Pre-swing,apgrf_norm_mean,APGRF,0.1262914698167239,0.0173729188340398,0.3209637083804362,0.0004403606389342,1.45,3.0
12,MTR60,60,pre_swing,Pre-swing,ml_outward,ML outward,0.0147203201095266,0.0019542118971466,0.0503990362142057,-0.0035200466430674,1.45,3.0
12,MTR60,60,pre_swing,Pre-swing,vgrf_norm_mean,Vertical GRF,0.3795831587536701,0.0515221879993283,1.074311464774342,0.0087456979700849,1.45,3.0
12,MTR60,60,terminal_stance,Terminal stance,apgrf_norm_mean,APGRF,0.1418373581104001,0.0197083825664006,0.3030270813736391,0.0104171486582364,1.45,3.0
12,MTR60,60,terminal_stance,Terminal stance,ml_outward,ML outward,0.043157096290698,0.0060938753503708,0.0625682404225268,0.0202315232113588,1.45,3.0
12,MTR60,60,terminal_stance,Terminal stance,vgrf_norm_mean,Vertical GRF,0.8791322427444018,0.1238236526171571,1.1830928940432064,0.4795614414865575,1.45,3.0
12,MTR80,80,loading_response,Loading response,apgrf_norm_mean,APGRF,-0.1742212865254818,-0.0248068149917179,0.0224020593870124,-0.300336582322085,1.5,4.0
12,MTR80,80,loading_response,Loading response,ml_outward,ML outward,0.0413916329868988,0.0057721034559537,0.0894838160226319,-0.0161135482819726,1.5,4.0
12,MTR80,80,loading_response,Loading response,vgrf_norm_mean,Vertical GRF,0.9932705783257484,0.1413830105021433,1.5250773972545568,0.0297133672332715,1.5,4.0
12,MTR80,80,midstance,Midstance,apgrf_norm_mean,APGRF,-0.0825701144439435,-0.0152765478364632,0.0047283609667646,-0.2522233714318604,1.5,4.0
12,MTR80,80,midstance,Midstance,ml_outward,ML outward,0.0514533262873776,0.0097597165077958,0.0933494902976734,0.0145237547344574,1.5,4.0
12,MTR80,80,midstance,Midstance,vgrf_norm_mean,Vertical GRF,0.7942389197393362,0.1493699226930202,1.4550703014945978,0.403685687351397,1.5,4.0
12,MTR80,80,pre_swing,Pre-swing,apgrf_norm_mean,APGRF,0.1311910972611092,0.0180504857595183,0.3365335190465035,0.0,1.5,4.0
12,MTR80,80,pre_swing,Pre-swing,ml_outward,ML outward,0.0124295008515135,0.0016328262334459,0.0463197788562235,-0.0054331797890212,1.5,4.0
12,MTR80,80,pre_swing,Pre-swing,vgrf_norm_mean,Vertical GRF,0.3748437749750448,0.0508457549007046,1.0761622691104191,0.0,1.5,4.0
12,MTR80,80,terminal_stance,Terminal stance,apgrf_norm_mean,APGRF,0.1459549349353905,0.0202635161389902,0.3142989766474229,0.0116458436162478,1.5,4.0
12,MTR80,80,terminal_stance,Terminal stance,ml_outward,ML outward,0.0392985061580148,0.0055427620784804,0.0585815277033631,0.0179620690915194,1.5,4.0
12,MTR80,80,terminal_stance,Terminal stance,vgrf_norm_mean,Vertical GRF,0.8634463060242359,0.1215396697969448,1.174791502574191,0.4684256025630735,1.5,4.0
13,Baseline,0,loading_response,Loading response,apgrf_norm_mean,APGRF,-0.1170190464006482,-0.0166985364672898,0.018698526197089,-0.1813432393232777,1.1,0.0
13,Baseline,0,loading_response,Loading response,ml_outward,ML outward,0.0423657892340636,0.0058299357221023,0.1094223356476095,-0.0165996753408978,1.1,0.0
13,Baseline,0,loading_response,Loading response,vgrf_norm_mean,Vertical GRF,0.7566576692597207,0.1074113901359192,1.1781628562130004,0.0392891943947657,1.1,0.0
13,Baseline,0,midstance,Midstance,apgrf_norm_mean,APGRF,-0.0831168632861614,-0.015721186001614,-0.0202998759512482,-0.1601374551723896,1.1,0.0
13,Baseline,0,midstance,Midstance,ml_outward,ML outward,0.0738112258374632,0.0139972432495749,0.1031400012974559,0.0498603822860877,1.1,0.0
13,Baseline,0,midstance,Midstance,vgrf_norm_mean,Vertical GRF,0.9711774170364508,0.183922891461502,1.1842292078820482,0.8455724858796139,1.1,0.0
13,Baseline,0,pre_swing,Pre-swing,apgrf_norm_mean,APGRF,0.086112353245514,0.0121880437756487,0.1793670299276923,-0.0140076733827013,1.1,0.0
13,Baseline,0,pre_swing,Pre-swing,ml_outward,ML outward,0.029135966158533,0.0039850972431042,0.077089470744194,-0.0056380603228818,1.1,0.0
13,Baseline,0,pre_swing,Pre-swing,vgrf_norm_mean,Vertical GRF,0.4625343836696428,0.0642002314470362,1.0240307781646292,0.0119544425174131,1.1,0.0
13,Baseline,0,terminal_stance,Terminal stance,apgrf_norm_mean,APGRF,0.0560935350625538,0.007797684496866,0.1361028001558359,-0.0128336476524348,1.1,0.0
13,Baseline,0,terminal_stance,Terminal stance,ml_outward,ML outward,0.0598309254278018,0.0083520616492377,0.0759478395176198,0.0479321536113158,1.1,0.0
13,Baseline,0,terminal_stance,Terminal stance,vgrf_norm_mean,Vertical GRF,0.9952782973434228,0.1395867780726848,1.073441359316677,0.8905953079581148,1.1,0.0
13,MTR20,20,loading_response,Loading response,apgrf_norm_mean,APGRF,-0.1531268069424867,-0.021812238538015,-0.0046690012423843,-0.2337825442739984,1.2,1.0
13,MTR20,20,loading_response,Loading response,ml_outward,ML outward,0.0591465784986243,0.0082232247625161,0.1324311632696396,-0.0102183177668486,1.2,1.0
13,MTR20,20,loading_response,Loading response,vgrf_norm_mean,Vertical GRF,0.9158074687299886,0.1302292411415814,1.39171535137463,0.039405155720883,1.2,1.0
13,MTR20,20,midstance,Midstance,apgrf_norm_mean,APGRF,-0.0867706202594806,-0.0163558208749985,0.0010672823101077,-0.2007279176896291,1.2,1.0
13,MTR20,20,midstance,Midstance,ml_outward,ML outward,0.0930366297166618,0.0176414903848817,0.1292618390592218,0.0632389791258042,1.2,1.0
13,MTR20,20,midstance,Midstance,vgrf_norm_mean,Vertical GRF,0.96091874543141,0.1815727037317937,1.3801911821338524,0.7233678677764674,1.2,1.0
13,MTR20,20,pre_swing,Pre-swing,apgrf_norm_mean,APGRF,0.0928839885711254,0.0129427801103298,0.2139465139859506,-0.0063017515539369,1.2,1.0
13,MTR20,20,pre_swing,Pre-swing,ml_outward,ML outward,0.0301522842074294,0.0041298476160581,0.0789270904660004,-0.0044996775603386,1.2,1.0
13,MTR20,20,pre_swing,Pre-swing,vgrf_norm_mean,Vertical GRF,0.3718215965980638,0.0509141817025755,0.9669618927466324,0.0048496646801676,1.2,1.0
13,MTR20,20,terminal_stance,Terminal stance,apgrf_norm_mean,APGRF,0.0848177776042131,0.0117560037812428,0.1850424956864918,0.0082900761913388,1.2,1.0
13,MTR20,20,terminal_stance,Terminal stance,ml_outward,ML outward,0.0662575814590689,0.0092275556082922,0.0798509289971114,0.0600093651958442,1.2,1.0
13,MTR20,20,terminal_stance,Terminal stance,vgrf_norm_mean,Vertical GRF,0.9362078454334428,0.1315958883520595,1.0710987695424028,0.7581943707020619,1.2,1.0
13,MTR40,40,loading_response,Loading response,apgrf_norm_mean,APGRF,-0.1605112074222514,-0.0229041082792917,-0.0015767931042518,-0.2473718134631055,1.3,2.0
13,MTR40,40,loading_response,Loading response,ml_outward,ML outward,0.0547082153892966,0.007595380077735,0.1263030534232164,-0.0141434493859926,1.3,2.0
13,MTR40,40,loading_response,Loading response,vgrf_norm_mean,Vertical GRF,0.933848509684658,0.1329137069268645,1.4092667475795606,0.0395855054210098,1.3,2.0
13,MTR40,40,midstance,Midstance,apgrf_norm_mean,APGRF,-0.0858941649972546,-0.0161488932800203,0.002102941776986,-0.2080908856631005,1.3,2.0
13,MTR40,40,midstance,Midstance,ml_outward,ML outward,0.0862256511483458,0.0163438332335801,0.119428018730817,0.0604735806022164,1.3,2.0
13,MTR40,40,midstance,Midstance,vgrf_norm_mean,Vertical GRF,0.9509430471642044,0.1796988071338088,1.3776821422498138,0.6935379989235899,1.3,2.0
13,MTR40,40,pre_swing,Pre-swing,apgrf_norm_mean,APGRF,0.0971776445003484,0.0135134320054622,0.2277669986995575,-0.0029769755321656,1.3,2.0
13,MTR40,40,pre_swing,Pre-swing,ml_outward,ML outward,0.023789768162666,0.0032395897724167,0.0657584461870758,-0.0067609608027689,1.3,2.0
13,MTR40,40,pre_swing,Pre-swing,vgrf_norm_mean,Vertical GRF,0.362464775284756,0.049409002217051,0.9920551595626068,8.765556986684203e-05,1.3,2.0
13,MTR40,40,terminal_stance,Terminal stance,apgrf_norm_mean,APGRF,0.0900975075855803,0.0124730729497593,0.1983564423492172,0.0099541952663237,1.3,2.0
13,MTR40,40,terminal_stance,Terminal stance,ml_outward,ML outward,0.0608620141999624,0.008491964617801,0.0677797455646655,0.0575044228954823,1.3,2.0
13,MTR40,40,terminal_stance,Terminal stance,vgrf_norm_mean,Vertical GRF,0.9411506856339686,0.1323000273479355,1.0890405025795755,0.7388207892829165,1.3,2.0
13,MTR60,60,loading_response,Loading response,apgrf_norm_mean,APGRF,-0.1945423519700965,-0.027791586658615,-0.0040344876521901,-0.3004334487927896,1.45,3.0
13,MTR60,60,loading_response,Loading response,ml_outward,ML outward,0.0663078501817344,0.0092567047249917,0.140140396107235,-0.0090987183766967,1.45,3.0
13,MTR60,60,loading_response,Loading response,vgrf_norm_mean,Vertical GRF,1.064131839589323,0.151553602100149,1.5809948730906238,0.0398242957789296,1.45,3.0
13,MTR60,60,midstance,Midstance,apgrf_norm_mean,APGRF,-0.0874505994888512,-0.0163294092059115,0.0130990267602221,-0.2452411651319639,1.45,3.0
13,MTR60,60,midstance,Midstance,ml_outward,ML outward,0.0923303768167661,0.0175192939633792,0.1352336790438726,0.0523159792928938,1.45,3.0
13,MTR60,60,midstance,Midstance,vgrf_norm_mean,Vertical GRF,0.930285808201007,0.1755401292488804,1.553122420809378,0.5379661269698581,1.45,3.0
13,MTR60,60,pre_swing,Pre-swing,apgrf_norm_mean,APGRF,0.1079392025790304,0.0148335914169365,0.2824395610375294,-0.0026273325937331,1.45,3.0
13,MTR60,60,pre_swing,Pre-swing,ml_outward,ML outward,0.022207120686757,0.0030026999613847,0.0659085608997954,-0.0060370825739633,1.45,3.0
13,MTR60,60,pre_swing,Pre-swing,vgrf_norm_mean,Vertical GRF,0.339145590183037,0.0458203936503984,1.0092742518510194,0.0010147235604079,1.45,3.0
13,MTR60,60,terminal_stance,Terminal stance,apgrf_norm_mean,APGRF,0.115402169756238,0.0159271267291473,0.2565368055830032,0.0201029412746603,1.45,3.0
13,MTR60,60,terminal_stance,Terminal stance,ml_outward,ML outward,0.05825115018487,0.0081298419506491,0.0687129578342547,0.0527328778265609,1.45,3.0
13,MTR60,60,terminal_stance,Terminal stance,vgrf_norm_mean,Vertical GRF,0.8671924400451809,0.1219399736638623,1.1018916077946233,0.5685779750858699,1.45,3.0
13,MTR80,80,loading_response,Loading response,apgrf_norm_mean,APGRF,-0.2092927162669928,-0.0299741349318351,-0.004260058127211,-0.3197464289236581,1.5,4.0
13,MTR80,80,loading_response,Loading response,ml_outward,ML outward,0.0659660619617758,0.0092038253682169,0.1400737280820827,-0.005542444641448,1.5,4.0
13,MTR80,80,loading_response,Loading response,vgrf_norm_mean,Vertical GRF,1.0939820964381657,0.1560074454140539,1.5952515590119276,0.0397624479240353,1.5,4.0
13,MTR80,80,midstance,Midstance,apgrf_norm_mean,APGRF,-0.0847916556596685,-0.0157884375273973,0.0142501082713662,-0.2482288291786432,1.5,4.0
13,MTR80,80,midstance,Midstance,ml_outward,ML outward,0.0890937221548649,0.01689221990156,0.134934822780828,0.0462206846048568,1.5,4.0
13,MTR80,80,midstance,Midstance,vgrf_norm_mean,Vertical GRF,0.9095011853493162,0.1713794976087864,1.5524239788843015,0.5331394831842668,1.5,4.0
13,MTR80,80,pre_swing,Pre-swing,apgrf_norm_mean,APGRF,0.1082065850046709,0.0147986356606313,0.2961384465243414,-0.0029770363028104,1.5,4.0
13,MTR80,80,pre_swing,Pre-swing,ml_outward,ML outward,0.0221254117786521,0.0029899404829232,0.0658256344601816,-0.0053545804965266,1.5,4.0
13,MTR80,80,pre_swing,Pre-swing,vgrf_norm_mean,Vertical GRF,0.3281630070795141,0.0442052343239877,1.0027181776144785,0.0011251699734071,1.5,4.0
13,MTR80,80,terminal_stance,Terminal stance,apgrf_norm_mean,APGRF,0.1257677610334344,0.0173911386587005,0.2739244395619431,0.0208806597009774,1.5,4.0
13,MTR80,80,terminal_stance,Terminal stance,ml_outward,ML outward,0.0577246602584845,0.0080660797433369,0.0700986520617973,0.0505836400377511,1.5,4.0
13,MTR80,80,terminal_stance,Terminal stance,vgrf_norm_mean,Vertical GRF,0.8769430813636403,0.1233758718854529,1.1172168958216946,0.5726920822121412,1.5,4.0
14,Baseline,0,loading_response,Loading response,apgrf_norm_mean,APGRF,-0.0643540233224082,-0.0091266701303433,0.0574398985145852,-0.1349672939717602,0.9,0.0
14,Baseline,0,loading_response,Loading response,ml_outward,ML outward,0.0136596910701173,0.0018276607956207,0.0429322018245929,-0.0111277047512754,0.9,0.0
14,Baseline,0,loading_response,Loading response,vgrf_norm_mean,Vertical GRF,0.498775635413852,0.0701512831421499,0.898103434008627,0.034908999976957,0.9,0.0
14,Baseline,0,midstance,Midstance,apgrf_norm_mean,APGRF,-0.0563822561593906,-0.0106606128332757,-0.0035273030866478,-0.1196403766338326,0.9,0.0
14,Baseline,0,midstance,Midstance,ml_outward,ML outward,0.043404325630028,0.0082733092868672,0.0514663068754493,0.0379234758182083,0.9,0.0
14,Baseline,0,midstance,Midstance,vgrf_norm_mean,Vertical GRF,0.9203594121954132,0.1749218883932371,0.9748007501031404,0.8865651902245177,0.9,0.0
14,Baseline,0,pre_swing,Pre-swing,apgrf_norm_mean,APGRF,0.0914051766752694,0.0132932684197917,0.1341936096804163,0.0011180010146315,0.9,0.0
14,Baseline,0,pre_swing,Pre-swing,ml_outward,ML outward,0.0221528225840832,0.0030242929902209,0.058033604725677,-0.004972926724306,0.9,0.0
14,Baseline,0,pre_swing,Pre-swing,vgrf_norm_mean,Vertical GRF,0.6466201809851525,0.0914219693683551,1.0386017918713288,0.0756097640122247,0.9,0.0
14,Baseline,0,terminal_stance,Terminal stance,apgrf_norm_mean,APGRF,0.0386428555209794,0.0054167961366511,0.0741509701632192,0.0017754681359261,0.9,0.0
14,Baseline,0,terminal_stance,Terminal stance,ml_outward,ML outward,0.0502864697214315,0.0070484277378574,0.0625526115684143,0.0382399876685632,0.9,0.0
14,Baseline,0,terminal_stance,Terminal stance,vgrf_norm_mean,Vertical GRF,0.9640306482858388,0.1348959907977913,1.0372604518505502,0.9044608371663514,0.9,0.0
14,MTR20,20,loading_response,Loading response,apgrf_norm_mean,APGRF,-0.0846248037761464,-0.0120983294936738,0.0378384107367242,-0.153690185792303,0.95,1.0
14,MTR20,20,loading_response,Loading response,ml_outward,ML outward,0.0166177034106576,0.002260707310531,0.044045585899521,-0.0059929728856709,0.95,1.0
14,MTR20,20,loading_response,Loading response,vgrf_norm_mean,Vertical GRF,0.5848507836274799,0.0826531570414606,0.9802371414789984,0.0346549590532671,0.95,1.0
14,MTR20,20,midstance,Midstance,apgrf_norm_mean,APGRF,-0.0563787317013786,-0.0106403879991501,-0.006045327158668,-0.1210263410664498,0.95,1.0
14,MTR20,20,midstance,Midstance,ml_outward,ML outward,0.0392213086156608,0.0074423223124257,0.0471791669206508,0.0335688054461009,0.95,1.0
14,MTR20,20,midstance,Midstance,vgrf_norm_mean,Vertical GRF,0.9102714241834956,0.1725609257531768,0.9912152346006392,0.8687456062938792,0.95,1.0
14,MTR20,20,pre_swing,Pre-swing,apgrf_norm_mean,APGRF,0.097532574974165,0.0139827218621233,0.1574583131318538,0.0064880893075686,0.95,1.0
14,MTR20,20,pre_swing,Pre-swing,ml_outward,ML outward,0.0161368541518067,0.0021652235857485,0.048655745892748,-0.0046592816083595,0.95,1.0
14,MTR20,20,pre_swing,Pre-swing,vgrf_norm_mean,Vertical GRF,0.5584401384707002,0.078467494321144,0.987798974524507,0.0719063153676979,0.95,1.0
14,MTR20,20,terminal_stance,Terminal stance,apgrf_norm_mean,APGRF,0.0510365619753418,0.0070960618942945,0.1120512770674277,-0.0001667966660841,0.95,1.0
14,MTR20,20,terminal_stance,Terminal stance,ml_outward,ML outward,0.0442048130873232,0.0062036218594922,0.0524167850518768,0.0347316369826181,0.95,1.0
14,MTR20,20,terminal_stance,Terminal stance,vgrf_norm_mean,Vertical GRF,0.9612546794680046,0.1346190625203899,1.0042816930831604,0.9165839042402316,0.95,1.0
14,MTR40,40,loading_response,Loading response,apgrf_norm_mean,APGRF,-0.1009381453186529,-0.0144474017082,0.0285708984927656,-0.1756596111966993,1.05,2.0
14,MTR40,40,loading_response,Loading response,ml_outward,ML outward,0.0207878487953466,0.0028375663330984,0.0527089123196441,-0.0061823606131891,1.05,2.0
14,MTR40,40,loading_response,Loading response,vgrf_norm_mean,Vertical GRF,0.6784288679229311,0.0962008050876634,1.08122478612771,0.0348068267737751,1.05,2.0
14,MTR40,40,midstance,Midstance,apgrf_norm_mean,APGRF,-0.0597119894515476,-0.0112765589242426,-0.0017367724421283,-0.1314310207712554,1.05,2.0
14,MTR40,40,midstance,Midstance,ml_outward,ML outward,0.043618648338222,0.0082569097234177,0.0562381885905503,0.0362507009894224,1.05,2.0
14,MTR40,40,midstance,Midstance,vgrf_norm_mean,Vertical GRF,0.902195997876684,0.1706174491723811,1.0674827228413315,0.8375293483717987,1.05,2.0
14,MTR40,40,pre_swing,Pre-swing,apgrf_norm_mean,APGRF,0.0992863615901517,0.0140970500689389,0.1841505264424023,0.0039194096411773,1.05,2.0
14,MTR40,40,pre_swing,Pre-swing,ml_outward,ML outward,0.0137135887300435,0.0018177236385097,0.0461112702408655,-0.0055768895370654,1.05,2.0
14,MTR40,40,pre_swing,Pre-swing,vgrf_norm_mean,Vertical GRF,0.4984673954521109,0.0696526564365657,0.9752752792859364,0.0482152969642522,1.05,2.0
14,MTR40,40,terminal_stance,Terminal stance,apgrf_norm_mean,APGRF,0.0688889084292147,0.0095890767796744,0.1437164755605107,0.0051354213810397,1.05,2.0
14,MTR40,40,terminal_stance,Terminal stance,ml_outward,ML outward,0.0458242206952973,0.0064360663346918,0.0527302414143799,0.0385076814781192,1.05,2.0
14,MTR40,40,terminal_stance,Terminal stance,vgrf_norm_mean,Vertical GRF,0.9612269384267,0.1347002821649357,1.0123196625664936,0.904803975162468,1.05,2.0
14,MTR60,60,loading_response,Loading response,apgrf_norm_mean,APGRF,-0.1156269967684691,-0.0165837477085718,0.0149916720353654,-0.1881508225068695,1.2,3.0
14,MTR60,60,loading_response,Loading response,ml_outward,ML outward,0.0268589824025364,0.0037199911240051,0.0587427999631403,-0.002051326309496,1.2,3.0
14,MTR60,60,loading_response,Loading response,vgrf_norm_mean,Vertical GRF,0.7944743655232609,0.1133085050758231,1.167688267453617,0.0348007337518572,1.2,3.0
14,MTR60,60,midstance,Midstance,apgrf_norm_mean,APGRF,-0.0538164724466799,-0.0101117227841068,0.0074842729948339,-0.1377986140406703,1.2,3.0
14,MTR60,60,midstance,Midstance,ml_outward,ML outward,0.0406699966709294,0.0076756055931362,0.0606566999212983,0.0303774504680837,1.2,3.0
14,MTR60,60,midstance,Midstance,vgrf_norm_mean,Vertical GRF,0.849418084494902,0.1606198989063204,1.1094360427033352,0.7077841751762803,1.2,3.0
14,MTR60,60,pre_swing,Pre-swing,apgrf_norm_mean,APGRF,0.0879837917361256,0.0122725692809569,0.189351880821199,0.0058522123951361,1.2,3.0
14,MTR60,60,pre_swing,Pre-swing,ml_outward,ML outward,0.0107028264116396,0.0014230789311486,0.033636813647325,-0.000573234077805,1.2,3.0
14,MTR60,60,pre_swing,Pre-swing,vgrf_norm_mean,Vertical GRF,0.4271859498418629,0.0593658416513207,0.8571109405369544,0.0862508375458645,1.2,3.0
14,MTR60,60,terminal_stance,Terminal stance,apgrf_norm_mean,APGRF,0.0840493395726167,0.0116955815428741,0.1691237866740688,0.0132400919296083,1.2,3.0
14,MTR60,60,terminal_stance,Terminal stance,ml_outward,ML outward,0.0347765197222895,0.0048809789338345,0.0388637423264799,0.031065509801133,1.2,3.0
14,MTR60,60,terminal_stance,Terminal stance,vgrf_norm_mean,Vertical GRF,0.8310345987170207,0.1165215229658358,0.911249501114973,0.749193728234046,1.2,3.0
14,MTR80,80,loading_response,Loading response,apgrf_norm_mean,APGRF,-0.1319081351014837,-0.0189608393334841,0.0171625062860706,-0.2113290343605769,1.35,4.0
14,MTR80,80,loading_response,Loading response,ml_outward,ML outward,0.0262441042937403,0.0036427835985994,0.0560234782460543,-0.0042029358676925,1.35,4.0
14,MTR80,80,loading_response,Loading response,vgrf_norm_mean,Vertical GRF,0.8409427441353642,0.120072407619332,1.2173173224073042,0.0349429106899115,1.35,4.0
14,MTR80,80,midstance,Midstance,apgrf_norm_mean,APGRF,-0.0506942694859597,-0.0094703507175199,0.0128911479105359,-0.1465917838449315,1.35,4.0
14,MTR80,80,midstance,Midstance,ml_outward,ML outward,0.0418023781451009,0.0078990992773175,0.0604850758304073,0.0314227974857338,1.35,4.0
14,MTR80,80,midstance,Midstance,vgrf_norm_mean,Vertical GRF,0.8288225887990901,0.1564110089630853,1.1431073553378384,0.6924461941451081,1.35,4.0
14,MTR80,80,pre_swing,Pre-swing,apgrf_norm_mean,APGRF,0.0840686459660568,0.0115735393007986,0.2069284290396099,0.0079556190180886,1.35,4.0
14,MTR80,80,pre_swing,Pre-swing,ml_outward,ML outward,0.0085186417356772,0.0011033486153189,0.0315621690836879,-0.003019118469021,1.35,4.0
14,MTR80,80,pre_swing,Pre-swing,vgrf_norm_mean,Vertical GRF,0.4121549262421137,0.0569797400007994,0.8586186487453424,0.1100811383581738,1.35,4.0
14,MTR80,80,terminal_stance,Terminal stance,apgrf_norm_mean,APGRF,0.0982604272016211,0.0136859933803665,0.1908072722901996,0.0198068676851247,1.35,4.0
14,MTR80,80,terminal_stance,Terminal stance,ml_outward,ML outward,0.0337337975223806,0.0047227524234009,0.0366719164686822,0.0315499577122925,1.35,4.0
14,MTR80,80,terminal_stance,Terminal stance,vgrf_norm_mean,Vertical GRF,0.8361127478617001,0.1172984640465765,0.9270822308744228,0.7346677946916275,1.35,4.0
15,Baseline,0,loading_response,Loading response,apgrf_norm_mean,APGRF,-0.0884708699820746,-0.0125553950990506,0.0595766268568518,-0.164811280585167,1.2,0.0
15,Baseline,0,loading_response,Loading response,ml_outward,ML outward,0.021503092470081,0.0028847084012529,0.075730766790178,-0.0364594333601796,1.2,0.0
15,Baseline,0,loading_response,Loading response,vgrf_norm_mean,Vertical GRF,0.5982680396270156,0.0846390568181986,1.000204228831433,0.0200255963393141,1.2,0.0
15,Baseline,0,midstance,Midstance,apgrf_norm_mean,APGRF,-0.053654244347802,-0.0100198243683306,0.0010873184165644,-0.1432922186625113,1.2,0.0
15,Baseline,0,midstance,Midstance,ml_outward,ML outward,0.0520989203461714,0.0098732250663536,0.0645023285985341,0.0429588042005887,1.2,0.0
15,Baseline,0,midstance,Midstance,vgrf_norm_mean,Vertical GRF,0.8708889737462288,0.165110816963558,1.0452455528039355,0.7630079301146959,1.2,0.0
15,Baseline,0,pre_swing,Pre-swing,apgrf_norm_mean,APGRF,0.1238518530940396,0.0179539882454709,0.1995004332244921,-0.0022309197124291,1.2,0.0
15,Baseline,0,pre_swing,Pre-swing,ml_outward,ML outward,0.0290887191870642,0.0040036338635484,0.0730998242390386,-0.0049714905755889,1.2,0.0
15,Baseline,0,pre_swing,Pre-swing,vgrf_norm_mean,Vertical GRF,0.5982411352378758,0.0842774515268927,1.0584582193974574,0.0332855323602734,1.2,0.0
15,Baseline,0,terminal_stance,Terminal stance,apgrf_norm_mean,APGRF,0.0458644151947595,0.0063024318901588,0.1114892073160426,0.0039568704949818,1.2,0.0
15,Baseline,0,terminal_stance,Terminal stance,ml_outward,ML outward,0.0603123573699027,0.008464979299544,0.0723493579323693,0.0455620097541074,1.2,0.0
15,Baseline,0,terminal_stance,Terminal stance,vgrf_norm_mean,Vertical GRF,0.9341130340182856,0.1308262613473563,1.057593296147902,0.8005454549293911,1.2,0.0
15,MTR20,20,loading_response,Loading response,apgrf_norm_mean,APGRF,-0.1146142877247459,-0.0164221400621081,0.0416136393997454,-0.1867309615182892,1.25,1.0
15,MTR20,20,loading_response,Loading response,ml_outward,ML outward,0.0313932243992894,0.0043283118171303,0.0982206260005408,-0.0461926268453716,1.25,1.0
15,MTR20,20,loading_response,Loading response,vgrf_norm_mean,Vertical GRF,0.7706646245189523,0.1098208507243402,1.142342959499573,0.0200945950701507,1.25,1.0
15,MTR20,20,midstance,Midstance,apgrf_norm_mean,APGRF,-0.05744928420203,-0.0107702496053157,0.0025623833016925,-0.146483830319749,1.25,1.0
15,MTR20,20,midstance,Midstance,ml_outward,ML outward,0.0505169998151264,0.0095464570292396,0.0709469186279298,0.0388995291359023,1.25,1.0
15,MTR20,20,midstance,Midstance,vgrf_norm_mean,Vertical GRF,0.8775235837567749,0.1657716098107468,1.1360860696463666,0.7598488083459142,1.25,1.0
15,MTR20,20,pre_swing,Pre-swing,apgrf_norm_mean,APGRF,0.1157256328737231,0.0164030713416515,0.2208393192517169,0.0032657898173511,1.25,1.0
15,MTR20,20,pre_swing,Pre-swing,ml_outward,ML outward,0.0181451294179534,0.0024583620561191,0.0520691499060858,-0.0027502835845991,1.25,1.0
15,MTR20,20,pre_swing,Pre-swing,vgrf_norm_mean,Vertical GRF,0.4345010333892063,0.0603293818343864,0.9353352103906992,0.0353908734031704,1.25,1.0
15,MTR20,20,terminal_stance,Terminal stance,apgrf_norm_mean,APGRF,0.0829205619477591,0.0115167178148181,0.1740102550785517,0.0102630403905926,1.25,1.0
15,MTR20,20,terminal_stance,Terminal stance,ml_outward,ML outward,0.053069465742002,0.007473777311535,0.0600635769955259,0.0414471887892025,1.25,1.0
15,MTR20,20,terminal_stance,Terminal stance,vgrf_norm_mean,Vertical GRF,0.9190182529065276,0.1289227000649973,0.9899381643959528,0.8117970252980653,1.25,1.0
15,MTR40,40,loading_response,Loading response,apgrf_norm_mean,APGRF,-0.1204814388438599,-0.0172740038120413,0.0462281169075917,-0.1991568450796751,1.35,2.0
15,MTR40,40,loading_response,Loading response,ml_outward,ML outward,0.0284697196052117,0.003884201135041,0.0988145687370298,-0.0507971391848395,1.35,2.0
15,MTR40,40,loading_response,Loading response,vgrf_norm_mean,Vertical GRF,0.7957578523326638,0.1134568524657346,1.17600077196299,0.0201358620656815,1.35,2.0
15,MTR40,40,midstance,Midstance,apgrf_norm_mean,APGRF,-0.05870836729701,-0.0109883365303398,0.000703280531036,-0.1513706663434666,1.35,2.0
15,MTR40,40,midstance,Midstance,ml_outward,ML outward,0.0465810474683672,0.0087908090763763,0.070172107823578,0.0329593524956161,1.35,2.0
15,MTR40,40,midstance,Midstance,vgrf_norm_mean,Vertical GRF,0.8445231617531885,0.1593404070859783,1.1554015105831494,0.7011480072622565,1.35,2.0
15,MTR40,40,pre_swing,Pre-swing,apgrf_norm_mean,APGRF,0.1176508751597401,0.0166381833848073,0.2360809134118109,0.0023595882843939,1.35,2.0
15,MTR40,40,pre_swing,Pre-swing,ml_outward,ML outward,0.0160208935622313,0.0021576538764088,0.0485773731760287,-0.0029930367222725,1.35,2.0
15,MTR40,40,pre_swing,Pre-swing,vgrf_norm_mean,Vertical GRF,0.4188710343353929,0.0579962593375542,0.9404015809844888,0.0272516674329245,1.35,2.0
15,MTR40,40,terminal_stance,Terminal stance,apgrf_norm_mean,APGRF,0.0848172307984201,0.0117590638698584,0.1845159043863519,0.0081882455945586,1.35,2.0
15,MTR40,40,terminal_stance,Terminal stance,ml_outward,ML outward,0.0487868382086372,0.0068810406017459,0.0574797494390276,0.0356210308230889,1.35,2.0
15,MTR40,40,terminal_stance,Terminal stance,vgrf_norm_mean,Vertical GRF,0.8923686715472483,0.1251685980652771,0.9919427089206808,0.7616803618524804,1.35,2.0
15,MTR60,60,loading_response,Loading response,apgrf_norm_mean,APGRF,-0.1350107131612804,-0.0193785196007743,0.0408939026944046,-0.2208754893038494,1.45,3.0
15,MTR60,60,loading_response,Loading response,ml_outward,ML outward,0.0293404531846285,0.003977256289028,0.1056725737942991,-0.055232679051482,1.45,3.0
15,MTR60,60,loading_response,Loading response,vgrf_norm_mean,Vertical GRF,0.8489091853176605,0.1211065606489414,1.2412698878513146,0.0201057700810818,1.45,3.0
15,MTR60,60,midstance,Midstance,apgrf_norm_mean,APGRF,-0.0558357148268965,-0.0103691627168314,0.0012809270386716,-0.160876976748247,1.45,3.0
15,MTR60,60,midstance,Midstance,ml_outward,ML outward,0.0475913983605358,0.008964466809389,0.076873883630464,0.0327741704489121,1.45,3.0
15,MTR60,60,midstance,Midstance,vgrf_norm_mean,Vertical GRF,0.8430941080567094,0.1588846073941214,1.2101167564305078,0.6806537523516276,1.45,3.0
15,MTR60,60,pre_swing,Pre-swing,apgrf_norm_mean,APGRF,0.1171389131515764,0.016480203644638,0.2466100476208594,-0.0006607274965767,1.45,3.0
15,MTR60,60,pre_swing,Pre-swing,ml_outward,ML outward,0.0147997425424859,0.0019763959130413,0.0475688171282145,-0.0024014610018122,1.45,3.0
15,MTR60,60,pre_swing,Pre-swing,vgrf_norm_mean,Vertical GRF,0.4118558084698085,0.056868973840727,0.957282271542104,0.0245972144067367,1.45,3.0
15,MTR60,60,terminal_stance,Terminal stance,apgrf_norm_mean,APGRF,0.0923627903781956,0.0127957591582804,0.2025878941741709,0.0091439855156146,1.45,3.0
15,MTR60,60,terminal_stance,Terminal stance,ml_outward,ML outward,0.0484257964721604,0.0068334821499287,0.0571913537788372,0.0344732700436098,1.45,3.0
15,MTR60,60,terminal_stance,Terminal stance,vgrf_norm_mean,Vertical GRF,0.8916467473251193,0.1250790376607244,1.007822563197146,0.7406725999864247,1.45,3.0
15,MTR80,80,loading_response,Loading response,apgrf_norm_mean,APGRF,-0.1542238267514111,-0.0221389141829884,0.0131037252025134,-0.2466339520974239,1.55,4.0
15,MTR80,80,loading_response,Loading response,ml_outward,ML outward,0.0315327558346501,0.0042286222386823,0.1166302300596361,-0.0605882694576795,1.55,4.0
15,MTR80,80,loading_response,Loading response,vgrf_norm_mean,Vertical GRF,0.8890129488435033,0.1269290491743859,1.2768795211947035,0.0198993212386836,1.55,4.0
15,MTR80,80,midstance,Midstance,apgrf_norm_mean,APGRF,-0.0605159339453777,-0.0112130336910043,-0.0034475835705042,-0.1745830360437432,1.55,4.0
15,MTR80,80,midstance,Midstance,ml_outward,ML outward,0.0524480341108174,0.0098492031395405,0.0919828211730693,0.0351226420719493,1.55,4.0
15,MTR80,80,midstance,Midstance,vgrf_norm_mean,Vertical GRF,0.8537140466225076,0.1608976195942444,1.250924671019872,0.6749284082045994,1.55,4.0
15,MTR80,80,pre_swing,Pre-swing,apgrf_norm_mean,APGRF,0.1187632130142538,0.0166928113040897,0.2475751306688351,-0.0009796400765666,1.55,4.0
15,MTR80,80,pre_swing,Pre-swing,ml_outward,ML outward,0.011541490285163,0.0014898973940833,0.0477692704421427,-0.0068902238647991,1.55,4.0
15,MTR80,80,pre_swing,Pre-swing,vgrf_norm_mean,Vertical GRF,0.4288644863199815,0.0592906738436869,0.9788298487387184,0.0289699721233327,1.55,4.0
15,MTR80,80,terminal_stance,Terminal stance,apgrf_norm_mean,APGRF,0.0914261976787225,0.0126565189245167,0.20685817090572,0.0046239745526138,1.55,4.0
15,MTR80,80,terminal_stance,Terminal stance,ml_outward,ML outward,0.0478310201133627,0.0067348633527076,0.0557445401086845,0.0364894420765404,1.55,4.0
15,MTR80,80,terminal_stance,Terminal stance,vgrf_norm_mean,Vertical GRF,0.8955029013746343,0.125631324617345,1.015136429438617,0.7342145739642332,1.55,4.0
16,Baseline,0,loading_response,Loading response,apgrf_norm_mean,APGRF,-0.1248803490625932,-0.0177677635800666,0.0069017420117656,-0.2034137380549184,0.9,0.0
16,Baseline,0,loading_response,Loading response,ml_outward,ML outward,0.0862723467390999,0.0122195913847035,0.1431196117522221,0.0018886897223545,0.9,0.0
16,Baseline,0,loading_response,Loading response,vgrf_norm_mean,Vertical GRF,0.8968942124569305,0.12740204591561,1.399644516419712,0.0267726741662102,0.9,0.0
16,Baseline,0,midstance,Midstance,apgrf_norm_mean,APGRF,-0.0400354804814303,-0.0074685245821728,0.0578455030365309,-0.1655598058591787,0.9,0.0
16,Baseline,0,midstance,Midstance,ml_outward,ML outward,0.0962536607185733,0.0181891262987493,0.1407140114121962,0.0666383282125298,0.9,0.0
16,Baseline,0,midstance,Midstance,vgrf_norm_mean,Vertical GRF,0.9089353359580448,0.1716462512293899,1.3840406967960766,0.606042420238041,0.9,0.0
16,Baseline,0,pre_swing,Pre-swing,apgrf_norm_mean,APGRF,0.0834928926608437,0.0118372417472349,0.1383165653255924,0.0025106040022941,0.9,0.0
16,Baseline,0,pre_swing,Pre-swing,ml_outward,ML outward,0.0452944495312427,0.0063055534172376,0.0952193894168614,0.0025034130728839,0.9,0.0
16,Baseline,0,pre_swing,Pre-swing,vgrf_norm_mean,Vertical GRF,0.4079940788535153,0.057075575921104,0.8053763533033735,0.019330828081272,0.9,0.0
16,Baseline,0,terminal_stance,Terminal stance,apgrf_norm_mean,APGRF,0.1147470897215683,0.0161898242302722,0.1351118921243897,0.0695989283010972,0.9,0.0
16,Baseline,0,terminal_stance,Terminal stance,ml_outward,ML outward,0.0910930628481689,0.0128010421722484,0.10251847612572,0.0742146624791553,0.9,0.0
16,Baseline,0,terminal_stance,Terminal stance,vgrf_norm_mean,Vertical GRF,0.853587873916404,0.1204697849495982,0.9464361712659708,0.6742473666179843,0.9,0.0
16,MTR20,20,loading_response,Loading response,apgrf_norm_mean,APGRF,-0.1307397159252199,-0.0188413183769029,-0.0032859878772577,-0.1920949236580158,0.95,1.0
16,MTR20,20,loading_response,Loading response,ml_outward,ML outward,0.0589278109486475,0.0084179897294709,0.1041152950735552,0.001740490945027,0.95,1.0
16,MTR20,20,loading_response,Loading response,vgrf_norm_mean,Vertical GRF,0.7416976698675022,0.1058886688744002,1.1181698278162364,0.0264370444240859,0.95,1.0
16,MTR20,20,midstance,Midstance,apgrf_norm_mean,APGRF,-0.0266635352874328,-0.0048879993007763,0.0357171326363612,-0.124658683978403,0.95,1.0
16,MTR20,20,midstance,Midstance,ml_outward,ML outward,0.0742334128774095,0.0140657181151585,0.0844726606167049,0.069024416081486,0.95,1.0
16,MTR20,20,midstance,Midstance,vgrf_norm_mean,Vertical GRF,0.9052455304342606,0.1710725716148091,1.0516621530802208,0.81012604153877,0.95,1.0
16,MTR20,20,pre_swing,Pre-swing,apgrf_norm_mean,APGRF,0.0816852352318045,0.0115054001176022,0.1573596106815405,0.0049601099674845,0.95,1.0
16,MTR20,20,pre_swing,Pre-swing,ml_outward,ML outward,0.0387080602963442,0.0053477263813069,0.0884374438918393,0.0032590887370995,0.95,1.0
16,MTR20,20,pre_swing,Pre-swing,vgrf_norm_mean,Vertical GRF,0.4412006010858831,0.0614848625067167,0.8898085385189971,0.0492369927141559,0.95,1.0
16,MTR20,20,terminal_stance,Terminal stance,apgrf_norm_mean,APGRF,0.089379794396806,0.012503296201375,0.1407608880002332,0.0399737036289491,0.95,1.0
16,MTR20,20,terminal_stance,Terminal stance,ml_outward,ML outward,0.0873599434002546,0.0122561637878793,0.0939204161982053,0.0783414995825658,0.95,1.0
16,MTR20,20,terminal_stance,Terminal stance,vgrf_norm_mean,Vertical GRF,1.0038008522189257,0.1410579721218345,1.0564480446332143,0.914449595494998,0.95,1.0
16,MTR40,40,loading_response,Loading response,apgrf_norm_mean,APGRF,-0.1384002732262115,-0.0199401960851176,0.0002450038573691,-0.2094209990002637,1.05,2.0
16,MTR40,40,loading_response,Loading response,ml_outward,ML outward,0.0513143804920824,0.0072758745916383,0.0945553880318401,0.0019610778405009,1.05,2.0
16,MTR40,40,loading_response,Loading response,vgrf_norm_mean,Vertical GRF,0.7535546729942035,0.1074570872139433,1.1582268753380225,0.0264724603996364,1.05,2.0
16,MTR40,40,midstance,Midstance,apgrf_norm_mean,APGRF,-0.0321083120649261,-0.0058763613510878,0.0279171593353271,-0.1369773717147932,1.05,2.0
16,MTR40,40,midstance,Midstance,ml_outward,ML outward,0.0688831079762345,0.0130453164527733,0.0807955892291187,0.063629725196363,1.05,2.0
16,MTR40,40,midstance,Midstance,vgrf_norm_mean,Vertical GRF,0.8751472568842309,0.1650758097224913,1.0776256429631892,0.7539353220732194,1.05,2.0
16,MTR40,40,pre_swing,Pre-swing,apgrf_norm_mean,APGRF,0.0931939465207517,0.0131666393675733,0.1763506886745977,0.0032026198852608,1.05,2.0
16,MTR40,40,pre_swing,Pre-swing,ml_outward,ML outward,0.0341083071930586,0.0046937978938413,0.0816803825382232,0.002809254485275,1.05,2.0
16,MTR40,40,pre_swing,Pre-swing,vgrf_norm_mean,Vertical GRF,0.4532347181719374,0.0631420092714656,0.9306902803055136,0.037949410559478,1.05,2.0
16,MTR40,40,terminal_stance,Terminal stance,apgrf_norm_mean,APGRF,0.0914040829842064,0.0127788402932481,0.1540143052026045,0.0323401256739635,1.05,2.0
16,MTR40,40,terminal_stance,Terminal stance,ml_outward,ML outward,0.0791993587821784,0.0111207900278741,0.08745643034686,0.0673542825770616,1.05,2.0
16,MTR40,40,terminal_stance,Terminal stance,vgrf_norm_mean,Vertical GRF,1.01547876637675,0.142788203888562,1.0767066886314027,0.8964418993475258,1.05,2.0
16,MTR60,60,loading_response,Loading response,apgrf_norm_mean,APGRF,-0.1611003685902832,-0.0232381270451665,-0.005156883000735,-0.2453147707579494,1.15,3.0
16,MTR60,60,loading_response,Loading response,ml_outward,ML outward,0.0562461404529743,0.0079705622275513,0.1029263840320258,0.0037220137911575,1.15,3.0
16,MTR60,60,loading_response,Loading response,vgrf_norm_mean,Vertical GRF,0.801241364438998,0.114521719072278,1.2090072090202413,0.0264401615068126,1.15,3.0
16,MTR60,60,midstance,Midstance,apgrf_norm_mean,APGRF,-0.0318536503833267,-0.0057971832922809,0.0348748385151968,-0.1495841953920703,1.15,3.0
16,MTR60,60,midstance,Midstance,ml_outward,ML outward,0.0717051054267375,0.0135575281751285,0.0870520902664348,0.0634919262244577,1.15,3.0
16,MTR60,60,midstance,Midstance,vgrf_norm_mean,Vertical GRF,0.8477640652642444,0.1596409294265467,1.077913350515706,0.7001536381929201,1.15,3.0
16,MTR60,60,pre_swing,Pre-swing,apgrf_norm_mean,APGRF,0.1054811703890081,0.0149266282877224,0.1924275585190872,0.001548688375306,1.15,3.0
16,MTR60,60,pre_swing,Pre-swing,ml_outward,ML outward,0.0358323960509034,0.0049280637282297,0.0874684929255081,0.0018906429556514,1.15,3.0
16,MTR60,60,pre_swing,Pre-swing,vgrf_norm_mean,Vertical GRF,0.4511617142066097,0.062834310877124,0.9460752526514444,0.0219139981220398,1.15,3.0
16,MTR60,60,terminal_stance,Terminal stance,apgrf_norm_mean,APGRF,0.10175187700252,0.0142119980108822,0.170627693816529,0.0395290140826154,1.15,3.0
16,MTR60,60,terminal_stance,Terminal stance,ml_outward,ML outward,0.0860032913011068,0.0120841715223872,0.0966057752777746,0.0721690789752035,1.15,3.0
16,MTR60,60,terminal_stance,Terminal stance,vgrf_norm_mean,Vertical GRF,1.011297742930699,0.1421466633821304,1.089881586493623,0.8637019076099319,1.15,3.0
16,MTR80,80,loading_response,Loading response,apgrf_norm_mean,APGRF,-0.1903353818528026,-0.0274033389399296,-0.0064307857184632,-0.2743465935205122,1.25,4.0
16,MTR80,80,loading_response,Loading response,ml_outward,ML outward,0.0602826863712189,0.0085390939763301,0.1006124161747657,0.0031148471370105,1.25,4.0
16,MTR80,80,loading_response,Loading response,vgrf_norm_mean,Vertical GRF,0.8692689703478859,0.1240985003916107,1.2795933743165988,0.0263855452383965,1.25,4.0
16,MTR80,80,midstance,Midstance,apgrf_norm_mean,APGRF,-0.0293805990473216,-0.0052059858993789,0.0534798541459293,-0.1875066361630037,1.25,4.0
16,MTR80,80,midstance,Midstance,ml_outward,ML outward,0.0739962046018299,0.0139708465457318,0.0964342141344384,0.0616460019282354,1.25,4.0
16,MTR80,80,midstance,Midstance,vgrf_norm_mean,Vertical GRF,0.8201573759625835,0.1538110259261372,1.192603472550147,0.6437160806387506,1.25,4.0
16,MTR80,80,pre_swing,Pre-swing,apgrf_norm_mean,APGRF,0.1084029597027192,0.0152522342435562,0.2131596422497327,0.0009323727584239,1.25,4.0
16,MTR80,80,pre_swing,Pre-swing,ml_outward,ML outward,0.032599591219587,0.0044569300841389,0.0861073693991096,0.0004943503607149,1.25,4.0
16,MTR80,80,pre_swing,Pre-swing,vgrf_norm_mean,Vertical GRF,0.4109101319250081,0.0569549010068713,0.9292220194355924,0.0071017369403792,1.25,4.0
16,MTR80,80,terminal_stance,Terminal stance,apgrf_norm_mean,APGRF,0.1246437577949344,0.017430096805064,0.1952622286019344,0.0580311442332963,1.25,4.0
16,MTR80,80,terminal_stance,Terminal stance,ml_outward,ML outward,0.0870054742601197,0.0122497357514152,0.0985992179700444,0.069600970882971,1.25,4.0
16,MTR80,80,terminal_stance,Terminal stance,vgrf_norm_mean,Vertical GRF,1.025164826187863,0.1444386023878549,1.1030195744130928,0.8694677393609083,1.25,4.0
17,Baseline,0,loading_response,Loading response,apgrf_norm_mean,APGRF,-0.075422095418743,-0.0106203166134933,0.0276833653481506,-0.1439054238308826,1.0,0.0
17,Baseline,0,loading_response,Loading response,ml_outward,ML outward,0.0132662298758428,0.0016919872924142,0.0582725968767197,-0.019103245048649,1.0,0.0
17,Baseline,0,loading_response,Loading response,vgrf_norm_mean,Vertical GRF,0.5529154312195252,0.077829160473657,0.9869338890351284,0.0346969528192262,1.0,0.0
17,Baseline,0,midstance,Midstance,apgrf_norm_mean,APGRF,-0.0581322907410045,-0.011001569755294,0.0032296196077212,-0.1282072981890953,1.0,0.0
17,Baseline,0,midstance,Midstance,ml_outward,ML outward,0.0653238179636488,0.012479428836605,0.0735660267194844,0.056635702819534,1.0,0.0
17,Baseline,0,midstance,Midstance,vgrf_norm_mean,Vertical GRF,0.9686777406050008,0.1840976603923558,1.0489324954430326,0.9082489538212092,1.0,0.0
17,Baseline,0,pre_swing,Pre-swing,apgrf_norm_mean,APGRF,0.1099072594982307,0.0158670320823058,0.1570310488732544,0.0080652478300037,1.0,0.0
17,Baseline,0,pre_swing,Pre-swing,ml_outward,ML outward,0.0279598135384563,0.0038678845686641,0.0643445572058974,-0.0023157285018285,1.0,0.0
17,Baseline,0,pre_swing,Pre-swing,vgrf_norm_mean,Vertical GRF,0.5965299853060408,0.0841179057152376,1.0378316505253502,0.03448676560835,1.0,0.0
17,Baseline,0,terminal_stance,Terminal stance,apgrf_norm_mean,APGRF,0.0480784826239746,0.0066485529889046,0.104692928881404,0.0079509520569103,1.0,0.0
17,Baseline,0,terminal_stance,Terminal stance,ml_outward,ML outward,0.0585364269713971,0.0081804687178574,0.0656545864807595,0.053818507369765,1.0,0.0
17,Baseline,0,terminal_stance,Terminal stance,vgrf_norm_mean,Vertical GRF,0.9717040771799972,0.1359766652567781,1.0426762367030291,0.9131130273412618,1.0,0.0
17,MTR20,20,loading_response,Loading response,apgrf_norm_mean,APGRF,-0.0970150130316857,-0.0136625959962428,0.0246892559079912,-0.1829056314096342,1.1,1.0
17,MTR20,20,loading_response,Loading response,ml_outward,ML outward,0.0157210901670935,0.0019968637804347,0.0712235609702223,-0.0239138689471462,1.1,1.0
17,MTR20,20,loading_response,Loading response,vgrf_norm_mean,Vertical GRF,0.7232022833591276,0.1021814949108078,1.2261980317532428,0.0346231171305344,1.1,1.0
17,MTR20,20,midstance,Midstance,apgrf_norm_mean,APGRF,-0.0599276180604681,-0.0112529248277671,0.0137759466176609,-0.160295703482959,1.1,1.0
17,MTR20,20,midstance,Midstance,ml_outward,ML outward,0.0713384623182193,0.013593401847252,0.0873094474996916,0.0562898558154949,1.1,1.0
17,MTR20,20,midstance,Midstance,vgrf_norm_mean,Vertical GRF,0.9643341467296924,0.1829413539715892,1.2414384891064998,0.7348249138975775,1.1,1.0
17,MTR20,20,pre_swing,Pre-swing,apgrf_norm_mean,APGRF,0.1185458825761107,0.0170383231444239,0.1966579593707633,0.0008835545284027,1.1,1.0
17,MTR20,20,pre_swing,Pre-swing,ml_outward,ML outward,0.0188544734489225,0.0025734634252681,0.05168061294227,-0.0031305560565135,1.1,1.0
17,MTR20,20,pre_swing,Pre-swing,vgrf_norm_mean,Vertical GRF,0.5354909703349533,0.0753217809244647,0.999818053865872,0.0148731586050358,1.1,1.0
17,MTR20,20,terminal_stance,Terminal stance,apgrf_norm_mean,APGRF,0.0647881721708073,0.0089565520668952,0.1340978422423416,0.0182369095028284,1.1,1.0
17,MTR20,20,terminal_stance,Terminal stance,ml_outward,ML outward,0.0520307963219406,0.0072695159272872,0.0592872914845734,0.0477050015583195,1.1,1.0
17,MTR20,20,terminal_stance,Terminal stance,vgrf_norm_mean,Vertical GRF,0.850647004340513,0.1189334422912902,0.9924149035238184,0.7437409308729326,1.1,1.0
17,MTR40,40,loading_response,Loading response,apgrf_norm_mean,APGRF,-0.1114566212079198,-0.0157872101265034,0.0148515551502323,-0.2022015639127727,1.2,2.0
17,MTR40,40,loading_response,Loading response,ml_outward,ML outward,0.0190598716748401,0.0024875520401055,0.0731033571373351,-0.0233642921263308,1.2,2.0
17,MTR40,40,loading_response,Loading response,vgrf_norm_mean,Vertical GRF,0.7789686835134799,0.1104182799556953,1.25965689126763,0.0347915485352418,1.2,2.0
17,MTR40,40,midstance,Midstance,apgrf_norm_mean,APGRF,-0.0605365978345697,-0.0113808297399063,0.0179593610413843,-0.1632573264428978,1.2,2.0
17,MTR40,40,midstance,Midstance,ml_outward,ML outward,0.0706235743029739,0.0134651665223503,0.0853805766854057,0.0539832015144452,1.2,2.0
17,MTR40,40,midstance,Midstance,vgrf_norm_mean,Vertical GRF,0.9641778624354196,0.1826894794543749,1.2574526354003388,0.7524185160416541,1.2,2.0
17,MTR40,40,pre_swing,Pre-swing,apgrf_norm_mean,APGRF,0.1170239248196663,0.016715879986041,0.2099576673437032,0.0048371960380068,1.2,2.0
17,MTR40,40,pre_swing,Pre-swing,ml_outward,ML outward,0.0149174144326565,0.0020213733505148,0.0443806982705194,-0.0034862014177595,1.2,2.0
17,MTR40,40,pre_swing,Pre-swing,vgrf_norm_mean,Vertical GRF,0.473027671560862,0.0663638165718706,0.9198258145147694,0.024848257193653,1.2,2.0
17,MTR40,40,terminal_stance,Terminal stance,apgrf_norm_mean,APGRF,0.079845693396402,0.0110985532052444,0.1518122615415589,0.0238478993016024,1.2,2.0
17,MTR40,40,terminal_stance,Terminal stance,ml_outward,ML outward,0.0508199472363802,0.0071244542925398,0.0591538184244511,0.0456146283887017,1.2,2.0
17,MTR40,40,terminal_stance,Terminal stance,vgrf_norm_mean,Vertical GRF,0.8486662684148756,0.1188786138543635,0.9468337653614116,0.7580027686364325,1.2,2.0
17,MTR60,60,loading_response,Loading response,apgrf_norm_mean,APGRF,-0.1199754309047607,-0.016974472135705,0.0169815655293357,-0.2176441112148007,1.3,3.0
17,MTR60,60,loading_response,Loading response,ml_outward,ML outward,0.0163649912044088,0.0020683956342272,0.0770220146653488,-0.0302912034898845,1.3,3.0
17,MTR60,60,loading_response,Loading response,vgrf_norm_mean,Vertical GRF,0.8217835745833733,0.116519258747284,1.3260594950725852,0.0346675847932682,1.3,3.0
17,MTR60,60,midstance,Midstance,apgrf_norm_mean,APGRF,-0.0606436048900421,-0.0113322936597505,0.0188894059090663,-0.1781748695606524,1.3,3.0
17,MTR60,60,midstance,Midstance,ml_outward,ML outward,0.0752723373546396,0.0143586042767269,0.0926730946938314,0.0546978487951708,1.3,3.0
17,MTR60,60,midstance,Midstance,vgrf_norm_mean,Vertical GRF,0.9686769755520822,0.1836329413158886,1.3154526212407551,0.6890577390689707,1.3,3.0
17,MTR60,60,pre_swing,Pre-swing,apgrf_norm_mean,APGRF,0.1216779480600547,0.0173806684055118,0.2191247301294391,0.0013325705230594,1.3,3.0
17,MTR60,60,pre_swing,Pre-swing,ml_outward,ML outward,0.0112375413154687,0.0014817582546896,0.0413333298042386,-0.0055874460210441,1.3,3.0
17,MTR60,60,pre_swing,Pre-swing,vgrf_norm_mean,Vertical GRF,0.4739687383694224,0.0664040730784006,0.9522920790746752,0.0095637170333368,1.3,3.0
17,MTR60,60,terminal_stance,Terminal stance,apgrf_norm_mean,APGRF,0.0784964357843886,0.0108633215260204,0.1586166023325402,0.0236121659950273,1.3,3.0
17,MTR60,60,terminal_stance,Terminal stance,ml_outward,ML outward,0.0483574225357407,0.0067670213607969,0.0552977292476133,0.0441731875563539,1.3,3.0
17,MTR60,60,terminal_stance,Terminal stance,vgrf_norm_mean,Vertical GRF,0.8069237459444728,0.1128585317122829,0.9527902496157802,0.6838580825903444,1.3,3.0
17,MTR80,80,loading_response,Loading response,apgrf_norm_mean,APGRF,-0.1262670984661966,-0.0178623508756669,0.0155258115606316,-0.232071836324318,1.4,4.0
17,MTR80,80,loading_response,Loading response,ml_outward,ML outward,0.0127345584784487,0.0015558305501262,0.0714017440874784,-0.0339578615647282,1.4,4.0
17,MTR80,80,loading_response,Loading response,vgrf_norm_mean,Vertical GRF,0.8587229764188973,0.1217942688553541,1.377892221532195,0.0347269630579618,1.4,4.0
17,MTR80,80,midstance,Midstance,apgrf_norm_mean,APGRF,-0.0600385168535755,-0.0111716278304603,0.0203257931629567,-0.1875409012139022,1.4,4.0
17,MTR80,80,midstance,Midstance,ml_outward,ML outward,0.0706548221557983,0.0134828232041849,0.0889573553516162,0.0501692589958918,1.4,4.0
17,MTR80,80,midstance,Midstance,vgrf_norm_mean,Vertical GRF,0.9643531627954364,0.1827194431485902,1.3611543148852074,0.6532826094985185,1.4,4.0
17,MTR80,80,pre_swing,Pre-swing,apgrf_norm_mean,APGRF,0.125572763428766,0.0179054431206095,0.2325463781700739,0.0003032726961455,1.4,4.0
17,MTR80,80,pre_swing,Pre-swing,ml_outward,ML outward,0.0065537463563957,0.0008192848842422,0.0325393604094764,-0.0069690335071803,1.4,4.0
17,MTR80,80,pre_swing,Pre-swing,vgrf_norm_mean,Vertical GRF,0.4615686675523746,0.0645452584071959,0.9519219176010498,0.0068375786039383,1.4,4.0
17,MTR80,80,terminal_stance,Terminal stance,apgrf_norm_mean,APGRF,0.082857428150433,0.0114520164832019,0.1706084518824022,0.0247110959902022,1.4,4.0
17,MTR80,80,terminal_stance,Terminal stance,ml_outward,ML outward,0.042495276404806,0.0059526692535098,0.0506645951590771,0.0358027853154982,1.4,4.0
17,MTR80,80,terminal_stance,Terminal stance,vgrf_norm_mean,Vertical GRF,0.7861212423675061,0.1099274767548078,0.9505946099195012,0.6474932747895568,1.4,4.0
18,Baseline,0,loading_response,Loading response,apgrf_norm_mean,APGRF,-0.0675263413917031,-0.0095926642951169,0.0481283251608,-0.1298659156776663,1.05,0.0
18,Baseline,0,loading_response,Loading response,ml_outward,ML outward,0.0128452862465491,0.0016666259357213,0.0560325212242575,-0.0360602783905052,1.05,0.0
18,Baseline,0,loading_response,Loading response,vgrf_norm_mean,Vertical GRF,0.5727656157883576,0.08096626594973,0.961254667410159,0.0284606162945563,1.05,0.0
18,Baseline,0,midstance,Midstance,apgrf_norm_mean,APGRF,-0.02509878426522,-0.0046442090347571,0.0359379461304985,-0.1110475097878718,1.05,0.0
18,Baseline,0,midstance,Midstance,ml_outward,ML outward,0.0538131245835016,0.0102917206208772,0.065991373817639,0.044618454426395,1.05,0.0
18,Baseline,0,midstance,Midstance,vgrf_norm_mean,Vertical GRF,0.9414512582330916,0.1788839320228258,1.015545046585698,0.8948019288482951,1.05,0.0
18,Baseline,0,pre_swing,Pre-swing,apgrf_norm_mean,APGRF,0.098297198391244,0.014207127187902,0.1523360149422544,0.0009093931272782,1.05,0.0
18,Baseline,0,pre_swing,Pre-swing,ml_outward,ML outward,0.013992778718896,0.001889193420734,0.0420676555323462,-0.0021580987872995,1.05,0.0
18,Baseline,0,pre_swing,Pre-swing,vgrf_norm_mean,Vertical GRF,0.5214098727706002,0.0732328354890288,0.9881569194649252,0.007572165847314,1.05,0.0
18,Baseline,0,terminal_stance,Terminal stance,apgrf_norm_mean,APGRF,0.0597452957477338,0.008290608384896,0.0946886123336071,0.0395485831191995,1.05,0.0
18,Baseline,0,terminal_stance,Terminal stance,ml_outward,ML outward,0.0420659330811495,0.0058772283726881,0.0457170727079145,0.0396845483084356,1.05,0.0
18,Baseline,0,terminal_stance,Terminal stance,vgrf_norm_mean,Vertical GRF,0.9528761845208524,0.1334600681736336,1.0037411580345712,0.8949544187911029,1.05,0.0
18,MTR20,20,loading_response,Loading response,apgrf_norm_mean,APGRF,-0.1171711861529257,-0.0167660926195852,0.021876276330615,-0.1902209229921404,1.1,1.0
18,MTR20,20,loading_response,Loading response,ml_outward,ML outward,0.0184258139068583,0.0024419172936852,0.0680820900757601,-0.0395873384561343,1.1,1.0
18,MTR20,20,loading_response,Loading response,vgrf_norm_mean,Vertical GRF,0.6975045352516271,0.0989271895844793,1.111286349811555,0.0284117908413985,1.1,1.0
18,MTR20,20,midstance,Midstance,apgrf_norm_mean,APGRF,-0.0612217926850086,-0.0115464664042319,0.0110853079756184,-0.1506637345295749,1.1,1.0
18,MTR20,20,midstance,Midstance,ml_outward,ML outward,0.052293828048594,0.0099389420570308,0.0691630547739966,0.0357653678551659,1.1,1.0
18,MTR20,20,midstance,Midstance,vgrf_norm_mean,Vertical GRF,0.9798068215656144,0.1858000616774408,1.1188204489871565,0.9096805478682896,1.1,1.0
18,MTR20,20,pre_swing,Pre-swing,apgrf_norm_mean,APGRF,0.1091880532676709,0.0155209730521228,0.1977362249912148,0.0080062471016021,1.1,1.0
18,MTR20,20,pre_swing,Pre-swing,ml_outward,ML outward,0.0084419319743095,0.0011191703588687,0.0303029988776162,-0.007585004186468,1.1,1.0
18,MTR20,20,pre_swing,Pre-swing,vgrf_norm_mean,Vertical GRF,0.4590905642315905,0.0641050006224172,0.9116389437836256,0.0400778586806346,1.1,1.0
18,MTR20,20,terminal_stance,Terminal stance,apgrf_norm_mean,APGRF,0.0753159877932869,0.0104445754412263,0.1529325692776135,0.0176319762757219,1.1,1.0
18,MTR20,20,terminal_stance,Terminal stance,ml_outward,ML outward,0.0372109942697041,0.0052378175448597,0.040642064696921,0.0330912533867126,1.1,1.0
18,MTR20,20,terminal_stance,Terminal stance,vgrf_norm_mean,Vertical GRF,0.9528417951862004,0.1336271103663122,0.9932969063088496,0.9134505811140046,1.1,1.0
18,MTR40,40,loading_response,Loading response,apgrf_norm_mean,APGRF,-0.1292819650607193,-0.0184068173242534,0.022839985111349,-0.2159957366352003,1.2,2.0
18,MTR40,40,loading_response,Loading response,ml_outward,ML outward,0.0204696296204338,0.0027085467028812,0.0813994555138363,-0.0387637047807281,1.2,2.0
18,MTR40,40,loading_response,Loading response,vgrf_norm_mean,Vertical GRF,0.7372775692826496,0.1046007470200025,1.1717854148659497,0.0284617346323795,1.2,2.0
18,MTR40,40,midstance,Midstance,apgrf_norm_mean,APGRF,-0.0740650898416956,-0.0139463455296523,0.0088630697768247,-0.1821975575141756,1.2,2.0
18,MTR40,40,midstance,Midstance,ml_outward,ML outward,0.0578800425148876,0.0109910091611726,0.0753982117663289,0.0411360776156839,1.2,2.0
18,MTR40,40,midstance,Midstance,vgrf_norm_mean,Vertical GRF,0.9582669195023904,0.181418869197031,1.171635473544445,0.8510443155407499,1.2,2.0
18,MTR40,40,pre_swing,Pre-swing,apgrf_norm_mean,APGRF,0.1110844191950642,0.0158007845609649,0.2074493650785393,0.0035216615114884,1.2,2.0
18,MTR40,40,pre_swing,Pre-swing,ml_outward,ML outward,0.0096508975792463,0.001298998648672,0.0307023356522765,-0.0077027245753994,1.2,2.0
18,MTR40,40,pre_swing,Pre-swing,vgrf_norm_mean,Vertical GRF,0.4759325898039102,0.0665586955097619,0.932315125927095,0.0343834778292766,1.2,2.0
18,MTR40,40,terminal_stance,Terminal stance,apgrf_norm_mean,APGRF,0.0781304319495226,0.0108526232880963,0.1579752700100883,0.0154130308563257,1.2,2.0
18,MTR40,40,terminal_stance,Terminal stance,ml_outward,ML outward,0.0401897807165211,0.005653457971667,0.0461880844368885,0.0338475039222785,1.2,2.0
18,MTR40,40,terminal_stance,Terminal stance,vgrf_norm_mean,Vertical GRF,0.9476560159481716,0.1329287551721847,1.0170221669735056,0.8811599541693476,1.2,2.0
18,MTR60,60,loading_response,Loading response,apgrf_norm_mean,APGRF,-0.119916890763173,-0.0171645300794412,0.0260945116102111,-0.1964272487735406,1.3,3.0
18,MTR60,60,loading_response,Loading response,ml_outward,ML outward,0.0259280769096339,0.0034849635221261,0.0831995988865839,-0.023047013878196,1.3,3.0
18,MTR60,60,loading_response,Loading response,vgrf_norm_mean,Vertical GRF,0.7396845568926641,0.1049213817773177,1.179100562484264,0.0285243062035079,1.3,3.0
18,MTR60,60,midstance,Midstance,apgrf_norm_mean,APGRF,-0.0389309400483193,-0.0072103179252625,0.0357191205572746,-0.1508931374375438,1.3,3.0
18,MTR60,60,midstance,Midstance,ml_outward,ML outward,0.0671356371276329,0.0127781031405224,0.0844763625906626,0.0453284944101635,1.3,3.0
18,MTR60,60,midstance,Midstance,vgrf_norm_mean,Vertical GRF,0.9676123341400744,0.1831663011007072,1.174979003438787,0.8773233646648284,1.3,3.0
18,MTR60,60,pre_swing,Pre-swing,apgrf_norm_mean,APGRF,0.1156742113776093,0.0163759206725764,0.2178919581096945,0.0024209145333028,1.3,3.0
18,MTR60,60,pre_swing,Pre-swing,ml_outward,ML outward,0.0104076876791411,0.0014083414934291,0.0302953627000077,-0.005295484441639,1.3,3.0
18,MTR60,60,pre_swing,Pre-swing,vgrf_norm_mean,Vertical GRF,0.4366557207930751,0.0606856610142132,0.9525950997654812,0.0099443211841248,1.3,3.0
18,MTR60,60,terminal_stance,Terminal stance,apgrf_norm_mean,APGRF,0.105969880405238,0.0147619472047045,0.1844712282162369,0.0422357430000014,1.3,3.0
18,MTR60,60,terminal_stance,Terminal stance,ml_outward,ML outward,0.0412417431798295,0.0057957587007552,0.0474166705430978,0.0334942232359909,1.3,3.0
18,MTR60,60,terminal_stance,Terminal stance,vgrf_norm_mean,Vertical GRF,0.9847335567793192,0.1382368895522001,1.051819326826673,0.9018796916741848,1.3,3.0
18,MTR80,80,loading_response,Loading response,apgrf_norm_mean,APGRF,-0.1511442632425688,-0.021654075769095,0.0187244842487301,-0.2364932067167297,1.4,4.0
18,MTR80,80,loading_response,Loading response,ml_outward,ML outward,0.0322000370962783,0.0044117980414524,0.0861567856678584,-0.0196867734848166,1.4,4.0
18,MTR80,80,loading_response,Loading response,vgrf_norm_mean,Vertical GRF,0.8454764635422198,0.1204457222151783,1.266546742578013,0.0285492677818231,1.4,4.0
18,MTR80,80,midstance,Midstance,apgrf_norm_mean,APGRF,-0.0633011670062742,-0.0118773708214514,0.0282942351850748,-0.1848667511457472,1.4,4.0
18,MTR80,80,midstance,Midstance,ml_outward,ML outward,0.0671792085419434,0.0127912090530369,0.087263829785982,0.0440701954250789,1.4,4.0
18,MTR80,80,midstance,Midstance,vgrf_norm_mean,Vertical GRF,0.9835915971312956,0.1861171677625361,1.2318235313098027,0.8693890817112218,1.4,4.0
18,MTR80,80,pre_swing,Pre-swing,apgrf_norm_mean,APGRF,0.1150354284685512,0.0161668123871937,0.2359678460843209,0.0018880514520659,1.4,4.0
18,MTR80,80,pre_swing,Pre-swing,ml_outward,ML outward,0.0071957977012117,0.0009449669185973,0.0268917141969253,-0.0056768385376566,1.4,4.0
18,MTR80,80,pre_swing,Pre-swing,vgrf_norm_mean,Vertical GRF,0.3913000155322413,0.0541453680795351,0.90082986306237,0.0090969869978411,1.4,4.0
18,MTR80,80,terminal_stance,Terminal stance,apgrf_norm_mean,APGRF,0.1142436054360612,0.015913476076985,0.2087387393081148,0.0358742083767056,1.4,4.0
18,MTR80,80,terminal_stance,Terminal stance,ml_outward,ML outward,0.040297819837536,0.0056757244185661,0.046924715191617,0.0308915021819122,1.4,4.0
18,MTR80,80,terminal_stance,Terminal stance,vgrf_norm_mean,Vertical GRF,0.9575358630372416,0.1344350904668651,1.0212058977432248,0.8902880457610687,1.4,4.0
19,Baseline,0,loading_response,Loading response,apgrf_norm_mean,APGRF,-0.0879142089432455,-0.0126649122198721,0.0659218904832637,-0.1614765209795214,1.15,0.0
19,Baseline,0,loading_response,Loading response,ml_outward,ML outward,0.0152655784568734,0.0020021780872767,0.0639878977743533,-0.0295982333628189,1.15,0.0
19,Baseline,0,loading_response,Loading response,vgrf_norm_mean,Vertical GRF,0.6613573315637257,0.093685066080369,1.066928686426838,0.0367780444111252,1.15,0.0
19,Baseline,0,midstance,Midstance,apgrf_norm_mean,APGRF,-0.024109081818882,-0.0043779396005231,0.0258230819162283,-0.1145984345668743,1.15,0.0
19,Baseline,0,midstance,Midstance,ml_outward,ML outward,0.0413394414028791,0.007856349430263,0.0569573852680327,0.0294670651180924,1.15,0.0
19,Baseline,0,midstance,Midstance,vgrf_norm_mean,Vertical GRF,0.825374020559,0.1559534817978978,1.0618111033042177,0.7071151216675329,1.15,0.0
19,Baseline,0,pre_swing,Pre-swing,apgrf_norm_mean,APGRF,0.090893840050424,0.0128033937808657,0.1891957202563058,-0.0003907720812808,1.15,0.0
19,Baseline,0,pre_swing,Pre-swing,ml_outward,ML outward,0.0131637408445025,0.0017464743319045,0.0456068506933076,-0.0009249573538606,1.15,0.0
19,Baseline,0,pre_swing,Pre-swing,vgrf_norm_mean,Vertical GRF,0.4379369364485094,0.0603329421898157,1.0710374213023108,0.000482234189818,1.15,0.0
19,Baseline,0,terminal_stance,Terminal stance,apgrf_norm_mean,APGRF,0.0762390649951985,0.0105214219081641,0.1529473327954423,0.0299402354276795,1.15,0.0
19,Baseline,0,terminal_stance,Terminal stance,ml_outward,ML outward,0.0539189656184698,0.0076815602594446,0.0770884518656242,0.0307648234507819,1.15,0.0
19,Baseline,0,terminal_stance,Terminal stance,vgrf_norm_mean,Vertical GRF,0.9947978553762548,0.1397735062290799,1.126328683124322,0.7848890015205985,1.15,0.0
19,MTR20,20,loading_response,Loading response,apgrf_norm_mean,APGRF,-0.112114782473442,-0.0162647894202691,0.050316164658938,-0.1856336949448719,1.2,1.0
19,MTR20,20,loading_response,Loading response,ml_outward,ML outward,0.027774906125747,0.003878276966358,0.0676067695733896,-0.0192672310440339,1.2,1.0
19,MTR20,20,loading_response,Loading response,vgrf_norm_mean,Vertical GRF,0.7373415262083755,0.1051158826034797,1.0963090315292954,0.0367523588405359,1.2,1.0
19,MTR20,20,midstance,Midstance,apgrf_norm_mean,APGRF,-0.0123351929558002,-0.0021214672911982,0.0416213587010414,-0.1107356186934089,1.2,1.0
19,MTR20,20,midstance,Midstance,ml_outward,ML outward,0.0419875780068195,0.0079343286952994,0.0572550835203281,0.0278193516299303,1.2,1.0
19,MTR20,20,midstance,Midstance,vgrf_norm_mean,Vertical GRF,0.7736323656723196,0.1456798197550606,1.0274690198381418,0.6699417071405229,1.2,1.0
19,MTR20,20,pre_swing,Pre-swing,apgrf_norm_mean,APGRF,0.1002466751994781,0.0139255669374335,0.2318588538775051,-7.383054775028842e-05,1.2,1.0
19,MTR20,20,pre_swing,Pre-swing,ml_outward,ML outward,0.0143686843346273,0.0019202842238887,0.0470036852610719,-0.0005042255984983,1.2,1.0
19,MTR20,20,pre_swing,Pre-swing,vgrf_norm_mean,Vertical GRF,0.370150227048734,0.0504631192365179,1.0118829641584286,0.0,1.2,1.0
19,MTR20,20,terminal_stance,Terminal stance,apgrf_norm_mean,APGRF,0.1173295721300387,0.0163041236459518,0.2127040331791537,0.0463584015316361,1.2,1.0
19,MTR20,20,terminal_stance,Terminal stance,ml_outward,ML outward,0.0640069081690604,0.0091419686899767,0.0849514593603474,0.0374403336191467,1.2,1.0
19,MTR20,20,terminal_stance,Terminal stance,vgrf_norm_mean,Vertical GRF,1.018051028255206,0.1433303942142386,1.167565724859227,0.8049468610302771,1.2,1.0
19,MTR40,40,loading_response,Loading response,apgrf_norm_mean,APGRF,-0.1073639437741761,-0.0154919397286937,0.0578445694629539,-0.1893528315611088,1.25,2.0
19,MTR40,40,loading_response,Loading response,ml_outward,ML outward,0.0221847835225236,0.0030140002035446,0.0689664146934287,-0.0328352135367372,1.25,2.0
19,MTR40,40,loading_response,Loading response,vgrf_norm_mean,Vertical GRF,0.7182699094659575,0.102029325545037,1.118592780467078,0.0368163428941652,1.25,2.0
19,MTR40,40,midstance,Midstance,apgrf_norm_mean,APGRF,-0.0167748042293733,-0.0029237695602219,0.0382025970406951,-0.124440854171235,1.25,2.0
19,MTR40,40,midstance,Midstance,ml_outward,ML outward,0.0441029794631154,0.0083511445430069,0.0625443484662134,0.0288210040153974,1.25,2.0
19,MTR40,40,midstance,Midstance,vgrf_norm_mean,Vertical GRF,0.7564773789401971,0.1423650693765222,1.0790359362470832,0.6122574370176503,1.25,2.0
19,MTR40,40,pre_swing,Pre-swing,apgrf_norm_mean,APGRF,0.1060154019977981,0.0148429600174108,0.2275360041331943,-0.0017697402563482,1.25,2.0
19,MTR40,40,pre_swing,Pre-swing,ml_outward,ML outward,0.0154262194657817,0.0020493367314682,0.0528908625443356,2.8375135468718263e-05,1.25,2.0
19,MTR40,40,pre_swing,Pre-swing,vgrf_norm_mean,Vertical GRF,0.4277588707036366,0.0586144733898512,1.109651126921931,0.0002203162169149,1.25,2.0
19,MTR40,40,terminal_stance,Terminal stance,apgrf_norm_mean,APGRF,0.1069201279781515,0.0148312577802608,0.1976800680652242,0.0436722152271481,1.25,2.0
19,MTR40,40,terminal_stance,Terminal stance,ml_outward,ML outward,0.0653009838644761,0.0093338427915045,0.0920675004499478,0.0329422709206534,1.25,2.0
19,MTR40,40,terminal_stance,Terminal stance,vgrf_norm_mean,Vertical GRF,1.00976086635325,0.1420218009987899,1.191266713219675,0.7362306216519452,1.25,2.0
19,MTR60,60,loading_response,Loading response,apgrf_norm_mean,APGRF,-0.1302979808849832,-0.0188447293975198,0.0550177831537297,-0.2177184842829052,1.35,3.0
19,MTR60,60,loading_response,Loading response,ml_outward,ML outward,0.0250833397143116,0.0034076138942617,0.0772423403719361,-0.032485091133539,1.35,3.0
19,MTR60,60,loading_response,Loading response,vgrf_norm_mean,Vertical GRF,0.7747521394628721,0.1103597020934372,1.1569377383860422,0.0369418161496308,1.35,3.0
19,MTR60,60,midstance,Midstance,apgrf_norm_mean,APGRF,-0.0216888659403602,-0.0038073424938763,0.0309340134348434,-0.1370201522739758,1.35,3.0
19,MTR60,60,midstance,Midstance,ml_outward,ML outward,0.0449268022801762,0.0084994715921881,0.067036173083638,0.0278146347483677,1.35,3.0
19,MTR60,60,midstance,Midstance,vgrf_norm_mean,Vertical GRF,0.7335477995252324,0.1378679228070266,1.0966891205033251,0.5777194119029594,1.35,3.0
19,MTR60,60,pre_swing,Pre-swing,apgrf_norm_mean,APGRF,0.1071951901501221,0.0149313388211611,0.2440051691170114,-0.0021024420620062,1.35,3.0
19,MTR60,60,pre_swing,Pre-swing,ml_outward,ML outward,0.015063944232322,0.0019954794795867,0.0528082827931132,1.1989635265429475e-05,1.35,3.0
19,MTR60,60,pre_swing,Pre-swing,vgrf_norm_mean,Vertical GRF,0.4127449639896445,0.0562910720354804,1.1238927138669947,0.0002417987262658,1.35,3.0
19,MTR60,60,terminal_stance,Terminal stance,apgrf_norm_mean,APGRF,0.1105234485665886,0.0153205064647822,0.2155220319320231,0.0360801321091905,1.35,3.0
19,MTR60,60,terminal_stance,Terminal stance,ml_outward,ML outward,0.0647631954018398,0.0092619450410105,0.0915175681699989,0.0319768014336614,1.35,3.0
19,MTR60,60,terminal_stance,Terminal stance,vgrf_norm_mean,Vertical GRF,1.008845299966448,0.1419527781756206,1.2144230891710588,0.7030271519055676,1.35,3.0
19,MTR80,80,loading_response,Loading response,apgrf_norm_mean,APGRF,-0.1592004875682607,-0.0231917313054887,0.0401682795559227,-0.241791147869734,1.45,4.0
19,MTR80,80,loading_response,Loading response,ml_outward,ML outward,0.0371645570924205,0.0052095422181093,0.0824733941086756,-0.0208360904597649,1.45,4.0
19,MTR80,80,loading_response,Loading response,vgrf_norm_mean,Vertical GRF,0.864059558933575,0.123897588728812,1.1963471628924207,0.0369614339909297,1.45,4.0
19,MTR80,80,midstance,Midstance,apgrf_norm_mean,APGRF,-0.0139807420948408,-0.0023445857225572,0.0345599384203134,-0.1248724777025069,1.45,4.0
19,MTR80,80,midstance,Midstance,ml_outward,ML outward,0.0473632251912967,0.0089637318706692,0.0647004310125521,0.0300253952479374,1.45,4.0
19,MTR80,80,midstance,Midstance,vgrf_norm_mean,Vertical GRF,0.7007743745658104,0.1314784743970538,1.0502456446650776,0.5692361744792773,1.45,4.0
19,MTR80,80,pre_swing,Pre-swing,apgrf_norm_mean,APGRF,0.1038648475248703,0.0141657952750289,0.2833768990774282,-0.00026311846147,1.45,4.0
19,MTR80,80,pre_swing,Pre-swing,ml_outward,ML outward,0.0137074752813076,0.0018080722917859,0.0495384953781527,-0.0016947231992634,1.45,4.0
19,MTR80,80,pre_swing,Pre-swing,vgrf_norm_mean,Vertical GRF,0.3270712192097715,0.0438998658072263,1.030418645311337,0.0017447695365377,1.45,4.0
19,MTR80,80,terminal_stance,Terminal stance,apgrf_norm_mean,APGRF,0.145526178342683,0.0202474182353182,0.2758323886630348,0.0404693145538013,1.45,4.0
19,MTR80,80,terminal_stance,Terminal stance,ml_outward,ML outward,0.0666992502589258,0.009516808555877,0.0838072388592086,0.04160426293577,1.45,4.0
19,MTR80,80,terminal_stance,Terminal stance,vgrf_norm_mean,Vertical GRF,1.0164512185153962,0.1433458235380144,1.2041603501736815,0.7162449825683395,1.45,4.0
20,Baseline,0,loading_response,Loading response,apgrf_norm_mean,APGRF,-0.0830435548776603,-0.0119296882603684,0.04794512279098,-0.149001044828981,1.0,0.0
20,Baseline,0,loading_response,Loading response,ml_outward,ML outward,0.035881973679542,0.0049383152937375,0.0883047606763469,-0.0198211729238808,1.0,0.0
20,Baseline,0,loading_response,Loading response,vgrf_norm_mean,Vertical GRF,0.6649204885643285,0.0948058491331837,0.9562926041638946,0.0301522261292045,1.0,0.0
20,Baseline,0,midstance,Midstance,apgrf_norm_mean,APGRF,-0.0445310815440905,-0.0083860891004113,0.0072850456383378,-0.1113104873196993,1.0,0.0
20,Baseline,0,midstance,Midstance,ml_outward,ML outward,0.0817157300528202,0.015534610771107,0.0968558274432014,0.0714199183021554,1.0,0.0
20,Baseline,0,midstance,Midstance,vgrf_norm_mean,Vertical GRF,0.985473969115386,0.1873956398684824,1.0583024235670468,0.9326830310765564,1.0,0.0
20,Baseline,0,pre_swing,Pre-swing,apgrf_norm_mean,APGRF,0.0947567261009352,0.0136135045663684,0.1494725099088611,0.0021452018123631,1.0,0.0
20,Baseline,0,pre_swing,Pre-swing,ml_outward,ML outward,0.0320814476283263,0.004392389105931,0.0823144947955495,-0.0008736924565635,1.0,0.0
20,Baseline,0,pre_swing,Pre-swing,vgrf_norm_mean,Vertical GRF,0.5455660759877009,0.0764903321652934,1.0361782994285205,0.0327375471438113,1.0,0.0
20,Baseline,0,terminal_stance,Terminal stance,apgrf_norm_mean,APGRF,0.0557869700973534,0.007764612141097,0.1086379165976451,0.0120487581035386,1.0,0.0
20,Baseline,0,terminal_stance,Terminal stance,ml_outward,ML outward,0.0784122027630856,0.0109785593184266,0.0859168767406656,0.0720264784443277,1.0,0.0
20,Baseline,0,terminal_stance,Terminal stance,vgrf_norm_mean,Vertical GRF,1.0277844695662155,0.144066028206058,1.0759997126202778,0.9652022111887042,1.0,0.0
20,MTR20,20,loading_response,Loading response,apgrf_norm_mean,APGRF,-0.1265351101771238,-0.0183568279983454,0.0052540716421463,-0.1946099103523119,1.05,1.0
20,MTR20,20,loading_response,Loading response,ml_outward,ML outward,0.0643879821638662,0.0091739492871792,0.1215744353490931,-0.0138080824227403,1.05,1.0
20,MTR20,20,loading_response,Loading response,vgrf_norm_mean,Vertical GRF,1.0097041052794642,0.1454244094203373,1.3524788178696032,0.0301324476820991,1.05,1.0
20,MTR20,20,midstance,Midstance,apgrf_norm_mean,APGRF,-0.0343913750258018,-0.006556952672795,0.0381456231907907,-0.1024100896638572,1.05,1.0
20,MTR20,20,midstance,Midstance,ml_outward,ML outward,0.0863377170173382,0.0163702931475932,0.1043019000876281,0.0732703217309297,1.05,1.0
20,MTR20,20,midstance,Midstance,vgrf_norm_mean,Vertical GRF,0.9893962250693332,0.1871416703141017,1.134011198919258,0.9087640321408696,1.05,1.0
20,MTR20,20,pre_swing,Pre-swing,apgrf_norm_mean,APGRF,0.0643268980911249,0.008987933067439,0.1378357774074567,0.0026532284921114,1.05,1.0
20,MTR20,20,pre_swing,Pre-swing,ml_outward,ML outward,0.0129109941060542,0.0017226427637849,0.0445010283688878,-0.0024583634021257,1.05,1.0
20,MTR20,20,pre_swing,Pre-swing,vgrf_norm_mean,Vertical GRF,0.3037374249375749,0.0421242692701506,0.6522778072178724,0.0349910868792418,1.05,1.0
20,MTR20,20,terminal_stance,Terminal stance,apgrf_norm_mean,APGRF,0.1035070707822717,0.0146122745803408,0.1476586225582919,0.0471149080087792,1.05,1.0
20,MTR20,20,terminal_stance,Terminal stance,ml_outward,ML outward,0.0776652164891798,0.0109610041516563,0.0896991041679568,0.0510211213102902,1.05,1.0
20,MTR20,20,terminal_stance,Terminal stance,vgrf_norm_mean,Vertical GRF,0.9285391435641202,0.1306526419702496,1.0328808543568733,0.7101075559466253,1.05,1.0
20,MTR40,40,loading_response,Loading response,apgrf_norm_mean,APGRF,-0.1478717666083521,-0.0215117117191723,0.0034000600081698,-0.225772042239936,1.15,2.0
20,MTR40,40,loading_response,Loading response,ml_outward,ML outward,0.0651164550128916,0.0092753105982429,0.1205787558999445,-0.0226886800727597,1.15,2.0
20,MTR40,40,loading_response,Loading response,vgrf_norm_mean,Vertical GRF,1.049861788609758,0.1513875123523127,1.3754434951075694,0.0303702906330977,1.15,2.0
20,MTR40,40,midstance,Midstance,apgrf_norm_mean,APGRF,-0.0327002464188719,-0.0062171464636104,0.0456441247556445,-0.1102246887884302,1.15,2.0
20,MTR40,40,midstance,Midstance,ml_outward,ML outward,0.0840286916974817,0.0158914342562134,0.1033124306399887,0.0720139621328019,1.15,2.0
20,MTR40,40,midstance,Midstance,vgrf_norm_mean,Vertical GRF,0.9571472134432268,0.1807570313250324,1.1326005007272315,0.871424640014666,1.15,2.0
20,MTR40,40,pre_swing,Pre-swing,apgrf_norm_mean,APGRF,0.0646516287570977,0.0090225640828472,0.1396611240450844,0.0086606749247078,1.15,2.0
20,MTR40,40,pre_swing,Pre-swing,ml_outward,ML outward,0.0086628767349641,0.0011166766160818,0.0406911330733221,-0.0072578716051449,1.15,2.0
20,MTR40,40,pre_swing,Pre-swing,vgrf_norm_mean,Vertical GRF,0.3023063462424656,0.0419951489098696,0.6252561094323614,0.0449044958676768,1.15,2.0
20,MTR40,40,terminal_stance,Terminal stance,apgrf_norm_mean,APGRF,0.116923261004815,0.0165741374443681,0.1673918609713925,0.0558056751020714,1.15,2.0
20,MTR40,40,terminal_stance,Terminal stance,ml_outward,ML outward,0.0805435795503558,0.01139491558643,0.0944050573050528,0.0479264912795702,1.15,2.0
20,MTR40,40,terminal_stance,Terminal stance,vgrf_norm_mean,Vertical GRF,0.9330725149055256,0.1314808171455883,1.0477361505781326,0.687444554690946,1.15,2.0
20,MTR60,60,loading_response,Loading response,apgrf_norm_mean,APGRF,-0.1609772862186045,-0.0234145538855071,-0.0042074287083469,-0.2516478406151113,1.25,3.0
20,MTR60,60,loading_response,Loading response,ml_outward,ML outward,0.0715074870067325,0.0101679126872515,0.1336168659711419,-0.0302446218999587,1.25,3.0
20,MTR60,60,loading_response,Loading response,vgrf_norm_mean,Vertical GRF,1.1377873410963968,0.1641555535056591,1.4666172593284328,0.0303495738320427,1.25,3.0
20,MTR60,60,midstance,Midstance,apgrf_norm_mean,APGRF,-0.0308461233040515,-0.0058490734928538,0.0491338155488534,-0.1131640491401481,1.25,3.0
20,MTR60,60,midstance,Midstance,ml_outward,ML outward,0.0879100031026834,0.0166134122946096,0.114025934592954,0.0755081914003119,1.25,3.0
20,MTR60,60,midstance,Midstance,vgrf_norm_mean,Vertical GRF,0.9392096119029614,0.1770278411246162,1.2168086666432298,0.8182285915131446,1.25,3.0
20,MTR60,60,pre_swing,Pre-swing,apgrf_norm_mean,APGRF,0.0688080913831063,0.009711209047618,0.1306326243763901,0.012262111533062,1.25,3.0
20,MTR60,60,pre_swing,Pre-swing,ml_outward,ML outward,0.0088927722954245,0.0011791733030454,0.0335299888271545,-0.0074542738276525,1.25,3.0
20,MTR60,60,pre_swing,Pre-swing,vgrf_norm_mean,Vertical GRF,0.2917119793879314,0.0406896050413458,0.5677833597927411,0.0456550135760394,1.25,3.0
20,MTR60,60,terminal_stance,Terminal stance,apgrf_norm_mean,APGRF,0.1209751357598881,0.0172373087149452,0.1730435819189735,0.0608692645482206,1.25,3.0
20,MTR60,60,terminal_stance,Terminal stance,ml_outward,ML outward,0.0754677225205659,0.0106776698525486,0.0928000459227742,0.0397692381627854,1.25,3.0
20,MTR60,60,terminal_stance,Terminal stance,vgrf_norm_mean,Vertical GRF,0.8880791097942293,0.1252971922129264,1.011722899855127,0.6268663794683962,1.25,3.0
20,MTR80,80,loading_response,Loading response,apgrf_norm_mean,APGRF,-0.1746483853251454,-0.0253889385491336,-0.0132585551638158,-0.2761297232548035,1.35,4.0
20,MTR80,80,loading_response,Loading response,ml_outward,ML outward,0.0729995124725095,0.0103359143508764,0.1364880751766991,-0.0305738635478467,1.35,4.0
20,MTR80,80,loading_response,Loading response,vgrf_norm_mean,Vertical GRF,1.1807276435332303,0.1703161808974766,1.503669292791468,0.0302783024750936,1.35,4.0
20,MTR80,80,midstance,Midstance,apgrf_norm_mean,APGRF,-0.0287447218787265,-0.005405097489644,0.0559684567156517,-0.1247378339358988,1.35,4.0
20,MTR80,80,midstance,Midstance,ml_outward,ML outward,0.0909554478037773,0.0171726527342915,0.1248964109448473,0.0759169218758047,1.35,4.0
20,MTR80,80,midstance,Midstance,vgrf_norm_mean,Vertical GRF,0.9378576808212186,0.176678482131096,1.2778729606753838,0.7939348631216869,1.35,4.0
20,MTR80,80,pre_swing,Pre-swing,apgrf_norm_mean,APGRF,0.0632982101929415,0.0088599357307907,0.1285077757106754,0.0074104962330447,1.35,4.0
20,MTR80,80,pre_swing,Pre-swing,ml_outward,ML outward,0.0043864583879285,0.000520984428905,0.0309891794450746,-0.0109182224596543,1.35,4.0
20,MTR80,80,pre_swing,Pre-swing,vgrf_norm_mean,Vertical GRF,0.2699598541480152,0.0374939479145302,0.5623915144235593,0.0376145271108558,1.35,4.0
20,MTR80,80,terminal_stance,Terminal stance,apgrf_norm_mean,APGRF,0.133727105199996,0.0190570153884514,0.1907006295038007,0.0677870585296214,1.35,4.0
20,MTR80,80,terminal_stance,Terminal stance,ml_outward,ML outward,0.0746972144906887,0.0105813654317968,0.0918052387414354,0.0384321569103587,1.35,4.0
20,MTR80,80,terminal_stance,Terminal stance,vgrf_norm_mean,Vertical GRF,0.870669562398903,0.1229103478862808,0.9798860214025582,0.6248294960030218,1.35,4.0
21,Baseline,0,loading_response,Loading response,apgrf_norm_mean,APGRF,-0.0934447938443857,-0.0132818158396161,0.0550075151388507,-0.1785273283194364,1.15,0.0
21,Baseline,0,loading_response,Loading response,ml_outward,ML outward,0.0254888641162721,0.0034465020052789,0.0816060722680092,-0.0255715720345233,1.15,0.0
21,Baseline,0,loading_response,Loading response,vgrf_norm_mean,Vertical GRF,0.6180291737479569,0.0873440788508959,1.0354273056138157,0.0366321366456952,1.15,0.0
21,Baseline,0,midstance,Midstance,apgrf_norm_mean,APGRF,-0.0632881767930469,-0.0118639413588849,-0.0012595888933134,-0.1574792110515675,1.15,0.0
21,Baseline,0,midstance,Midstance,ml_outward,ML outward,0.0550451263945911,0.0104609399447731,0.0696767129317998,0.0397937865817834,1.15,0.0
21,Baseline,0,midstance,Midstance,vgrf_norm_mean,Vertical GRF,0.9265743128350266,0.1759173661666035,1.0783082795926595,0.8089228951311777,1.15,0.0
21,Baseline,0,pre_swing,Pre-swing,apgrf_norm_mean,APGRF,0.1195259856873805,0.0170979940057445,0.2155130551900181,0.0041962975307846,1.15,0.0
21,Baseline,0,pre_swing,Pre-swing,ml_outward,ML outward,0.0207116845696601,0.002829287940903,0.0542551188039098,8.423046460087234e-05,1.15,0.0
21,Baseline,0,pre_swing,Pre-swing,vgrf_norm_mean,Vertical GRF,0.5137242512431394,0.0716259452418774,1.0565354099178212,0.0300030790008579,1.15,0.0
21,Baseline,0,terminal_stance,Terminal stance,apgrf_norm_mean,APGRF,0.0633739343086268,0.0087648262633769,0.1440100502489073,0.0042427263345063,1.15,0.0
21,Baseline,0,terminal_stance,Terminal stance,ml_outward,ML outward,0.0466629889622039,0.0065254602640686,0.0545214665054641,0.0400057335872929,1.15,0.0
21,Baseline,0,terminal_stance,Terminal stance,vgrf_norm_mean,Vertical GRF,0.9694250931520336,0.1358840057716126,1.0796766882853772,0.8330898036985128,1.15,0.0
21,MTR20,20,loading_response,Loading response,apgrf_norm_mean,APGRF,-0.1228942781218205,-0.0175787927598969,-0.0019147595940815,-0.2079806283753144,1.2,1.0
21,MTR20,20,loading_response,Loading response,ml_outward,ML outward,0.0320486599818188,0.0044589610058136,0.0703750813730847,-0.018236762829502,1.2,1.0
21,MTR20,20,loading_response,Loading response,vgrf_norm_mean,Vertical GRF,0.9322997339868068,0.1332992477315517,1.300844857487501,0.0364675372804462,1.2,1.0
21,MTR20,20,midstance,Midstance,apgrf_norm_mean,APGRF,-0.0450566872876156,-0.0084414476224528,0.0294942997240612,-0.1434722667381101,1.2,1.0
21,MTR20,20,midstance,Midstance,ml_outward,ML outward,0.0537445606422244,0.0102377234630689,0.0727983240333677,0.0316339788968194,1.2,1.0
21,MTR20,20,midstance,Midstance,vgrf_norm_mean,Vertical GRF,1.0158429725174931,0.1927291607553365,1.290616221301801,0.8087215534907406,1.2,1.0
21,MTR20,20,pre_swing,Pre-swing,apgrf_norm_mean,APGRF,0.0543197647965412,0.007589217408002,0.1220736160740557,-0.006376313862349,1.2,1.0
21,MTR20,20,pre_swing,Pre-swing,ml_outward,ML outward,0.0042076783868695,0.0005564234805815,0.0152497750916412,-0.0024518646060189,1.2,1.0
21,MTR20,20,pre_swing,Pre-swing,vgrf_norm_mean,Vertical GRF,0.2861756089180897,0.039561061252131,0.627776495772083,0.0452795213444061,1.2,1.0
21,MTR20,20,terminal_stance,Terminal stance,apgrf_norm_mean,APGRF,0.0738336061931354,0.0103491346137588,0.1245672185024262,0.0312862487725918,1.2,1.0
21,MTR20,20,terminal_stance,Terminal stance,ml_outward,ML outward,0.0216999148275704,0.003028912138638,0.0363429634508761,0.0111621455368346,1.2,1.0
21,MTR20,20,terminal_stance,Terminal stance,vgrf_norm_mean,Vertical GRF,0.7557374759822872,0.1060110591133877,0.946437794141147,0.5365317199759898,1.2,1.0
21,MTR40,40,loading_response,Loading response,apgrf_norm_mean,APGRF,-0.1446434441341162,-0.0209017243933751,0.0033644806087618,-0.2252141007308363,1.25,2.0
21,MTR40,40,loading_response,Loading response,ml_outward,ML outward,0.0350546587651586,0.0049010974092566,0.0766809504550148,-0.0128223261966309,1.25,2.0
21,MTR40,40,loading_response,Loading response,vgrf_norm_mean,Vertical GRF,0.906512297555678,0.1299499619098551,1.2138798563780142,0.0365005093751985,1.25,2.0
21,MTR40,40,midstance,Midstance,apgrf_norm_mean,APGRF,-0.0445453442616349,-0.008362475384467,0.0214317775589363,-0.1307504711309158,1.25,2.0
21,MTR40,40,midstance,Midstance,ml_outward,ML outward,0.0496845854093362,0.0094071141051151,0.0668019331004347,0.0365463718963133,1.25,2.0
21,MTR40,40,midstance,Midstance,vgrf_norm_mean,Vertical GRF,0.9069681221678698,0.1712352393311382,1.1481913493719198,0.8045277600314474,1.25,2.0
21,MTR40,40,pre_swing,Pre-swing,apgrf_norm_mean,APGRF,0.0578044929163761,0.0078225924945485,0.1649922422599871,0.0046062826634632,1.25,2.0
21,MTR40,40,pre_swing,Pre-swing,ml_outward,ML outward,0.0068011220801033,0.0009221181873998,0.0170099598284226,-0.0002810230445908,1.25,2.0
21,MTR40,40,pre_swing,Pre-swing,vgrf_norm_mean,Vertical GRF,0.2868862183404373,0.0391282513184254,0.7161428575913968,0.0647934289366378,1.25,2.0
21,MTR40,40,terminal_stance,Terminal stance,apgrf_norm_mean,APGRF,0.1005638676235345,0.0141177691777164,0.1675658092789956,0.0293702795409419,1.25,2.0
21,MTR40,40,terminal_stance,Terminal stance,ml_outward,ML outward,0.0321993222285033,0.0045355245923811,0.0422798669148724,0.0197928809989669,1.25,2.0
21,MTR40,40,terminal_stance,Terminal stance,vgrf_norm_mean,Vertical GRF,0.9124916763029448,0.1285132044051663,1.009341842163895,0.7232608636520433,1.25,2.0
21,MTR60,60,loading_response,Loading response,apgrf_norm_mean,APGRF,-0.1475271451629509,-0.0213100022703334,0.0012166021706692,-0.2263359959607812,1.35,3.0
21,MTR60,60,loading_response,Loading response,ml_outward,ML outward,0.0391359657383167,0.0054910662300492,0.0815476254755384,-0.0139747711778032,1.35,3.0
21,MTR60,60,loading_response,Loading response,vgrf_norm_mean,Vertical GRF,0.9758148449431784,0.140118484188276,1.2584101295342238,0.036632033402511,1.35,3.0
21,MTR60,60,midstance,Midstance,apgrf_norm_mean,APGRF,-0.0415887251269882,-0.0077505155186257,0.0206040014483219,-0.1340499028027047,1.35,3.0
21,MTR60,60,midstance,Midstance,ml_outward,ML outward,0.0543848755078896,0.0103156172576137,0.0724724645257182,0.0397052187517376,1.35,3.0
21,MTR60,60,midstance,Midstance,vgrf_norm_mean,Vertical GRF,0.8969808536941422,0.1693120718899345,1.1924406428172043,0.7734514890760942,1.35,3.0
21,MTR60,60,pre_swing,Pre-swing,apgrf_norm_mean,APGRF,0.0490279071846097,0.0065228803000019,0.1628898527765175,0.0009418747621686,1.35,3.0
21,MTR60,60,pre_swing,Pre-swing,ml_outward,ML outward,0.0046950900027219,0.0006259165467714,0.0130713578668258,-0.000504431453694,1.35,3.0
21,MTR60,60,pre_swing,Pre-swing,vgrf_norm_mean,Vertical GRF,0.2634418072212706,0.0358476058877014,0.6751791681491753,0.058553870948655,1.35,3.0
21,MTR60,60,terminal_stance,Terminal stance,apgrf_norm_mean,APGRF,0.102950072581294,0.0144747112890042,0.1732007447905483,0.0274899230292944,1.35,3.0
21,MTR60,60,terminal_stance,Terminal stance,ml_outward,ML outward,0.0319257157344378,0.0045097195739784,0.0443176566741345,0.0166583404936163,1.35,3.0
21,MTR60,60,terminal_stance,Terminal stance,vgrf_norm_mean,Vertical GRF,0.8773278522711471,0.1236968078898941,0.9848446278070137,0.6647591591234954,1.35,3.0
21,MTR80,80,loading_response,Loading response,apgrf_norm_mean,APGRF,-0.1496318276167698,-0.0214962971186079,-0.0049235030147612,-0.2330130612325296,1.4,4.0
21,MTR80,80,loading_response,Loading response,ml_outward,ML outward,0.0395837059326691,0.0055337248145884,0.0814227810148896,-0.0133271374140043,1.4,4.0
21,MTR80,80,loading_response,Loading response,vgrf_norm_mean,Vertical GRF,1.0143665119109209,0.1452237240807321,1.3690506130877762,0.0365760521172221,1.4,4.0
21,MTR80,80,midstance,Midstance,apgrf_norm_mean,APGRF,-0.0425609731433295,-0.0078872309230939,0.0329750475966356,-0.157967788711037,1.4,4.0
21,MTR80,80,midstance,Midstance,ml_outward,ML outward,0.0602658903822769,0.0114722509436893,0.0807268008073201,0.0354586257458869,1.4,4.0
21,MTR80,80,midstance,Midstance,vgrf_norm_mean,Vertical GRF,0.9857077508787948,0.1866558154329238,1.3343929315320868,0.7541560417734228,1.4,4.0
21,MTR80,80,pre_swing,Pre-swing,apgrf_norm_mean,APGRF,0.0529292307199869,0.0071391328071431,0.1612393585595309,-0.0047035381901937,1.4,4.0
21,MTR80,80,pre_swing,Pre-swing,ml_outward,ML outward,0.0012897907990723,0.0001459730308562,0.0090505053187712,-0.0025399962417566,1.4,4.0
21,MTR80,80,pre_swing,Pre-swing,vgrf_norm_mean,Vertical GRF,0.2415518258857188,0.0328769317268276,0.6349752694753674,0.0361931617306637,1.4,4.0
21,MTR80,80,terminal_stance,Terminal stance,apgrf_norm_mean,APGRF,0.1031959494811771,0.0144831659355783,0.1713225014311187,0.0394547487512121,1.4,4.0
21,MTR80,80,terminal_stance,Terminal stance,ml_outward,ML outward,0.0227923074827163,0.0032019926917507,0.038298507882971,0.0098179523163708,1.4,4.0
21,MTR80,80,terminal_stance,Terminal stance,vgrf_norm_mean,Vertical GRF,0.7879482198654004,0.1109263153533053,0.9272177105849764,0.5544960253316346,1.4,4.0
22,Baseline,0,loading_response,Loading response,apgrf_norm_mean,APGRF,-0.1063588293622918,-0.0152694258398747,0.0488763083794718,-0.1789810170654958,1.15,0.0
22,Baseline,0,loading_response,Loading response,ml_outward,ML outward,0.0154703738402516,0.0019229386439578,0.0789196648126583,-0.0391324825699814,1.15,0.0
22,Baseline,0,loading_response,Loading response,vgrf_norm_mean,Vertical GRF,0.7471853931297995,0.1066325671698579,1.0561314786189104,0.0329168813034879,1.15,0.0
22,Baseline,0,midstance,Midstance,apgrf_norm_mean,APGRF,-0.0417750506357635,-0.0077665655351062,0.0118848444504236,-0.1295737628597248,1.15,0.0
22,Baseline,0,midstance,Midstance,ml_outward,ML outward,0.0656304822054892,0.012457018442092,0.0792889142758233,0.0535237056648938,1.15,0.0
22,Baseline,0,midstance,Midstance,vgrf_norm_mean,Vertical GRF,0.96703066435338,0.1833277575423265,1.058776131449635,0.9156358021710436,1.15,0.0
22,Baseline,0,pre_swing,Pre-swing,apgrf_norm_mean,APGRF,0.1025848088430358,0.0146453380701485,0.1909419604887215,7.009620897154095e-05,1.15,0.0
22,Baseline,0,pre_swing,Pre-swing,ml_outward,ML outward,0.0165569293063187,0.0022190309491833,0.053872946675363,-0.0096584658980676,1.15,0.0
22,Baseline,0,pre_swing,Pre-swing,vgrf_norm_mean,Vertical GRF,0.5076697758341205,0.0706083191270684,1.108160611934499,0.0002688376754343,1.15,0.0
22,Baseline,0,terminal_stance,Terminal stance,apgrf_norm_mean,APGRF,0.068702093360637,0.0095402607800824,0.1363182763005884,0.0166923685020339,1.15,0.0
22,Baseline,0,terminal_stance,Terminal stance,ml_outward,ML outward,0.0555041620407883,0.0077898092834793,0.0605519302465892,0.0489290719936449,1.15,0.0
22,Baseline,0,terminal_stance,Terminal stance,vgrf_norm_mean,Vertical GRF,1.0567988945243538,0.1480582575618415,1.1434292373233017,0.9638666502159252,1.15,0.0
22,MTR20,20,loading_response,Loading response,apgrf_norm_mean,APGRF,-0.1243436692324886,-0.0178056069694622,0.0346791227862995,-0.222020648688072,1.2,1.0
22,MTR20,20,loading_response,Loading response,ml_outward,ML outward,0.0268859628082987,0.0035164544079199,0.1053850880338178,-0.0308886937260364,1.2,1.0
22,MTR20,20,loading_response,Loading response,vgrf_norm_mean,Vertical GRF,0.8865904395420463,0.1269076380627775,1.2899214336887823,0.0329532409857118,1.2,1.0
22,MTR20,20,midstance,Midstance,apgrf_norm_mean,APGRF,-0.0545956135815648,-0.0102235934325792,0.0121202800076435,-0.1512261367543877,1.2,1.0
22,MTR20,20,midstance,Midstance,ml_outward,ML outward,0.0723854747286517,0.0136977286575023,0.1043702587743449,0.0518660367656181,1.2,1.0
22,MTR20,20,midstance,Midstance,vgrf_norm_mean,Vertical GRF,0.975866430625675,0.1848614112040308,1.167555184308381,0.8476819563327533,1.2,1.0
22,MTR20,20,pre_swing,Pre-swing,apgrf_norm_mean,APGRF,0.10192687892692,0.014420703659374,0.2072633703093999,0.0041792173911821,1.2,1.0
22,MTR20,20,pre_swing,Pre-swing,ml_outward,ML outward,0.0159833301406321,0.002189274582883,0.0432403557340238,-0.0048221636227201,1.2,1.0
22,MTR20,20,pre_swing,Pre-swing,vgrf_norm_mean,Vertical GRF,0.4684566268220216,0.065091789388587,0.997783039964164,0.0409678383643733,1.2,1.0
22,MTR20,20,terminal_stance,Terminal stance,apgrf_norm_mean,APGRF,0.0766023055368343,0.0106156558591539,0.1572721355550962,0.0176658587191467,1.2,1.0
22,MTR20,20,terminal_stance,Terminal stance,ml_outward,ML outward,0.0505725777534168,0.0070924020212465,0.0549089814341217,0.0455842230455824,1.2,1.0
22,MTR20,20,terminal_stance,Terminal stance,vgrf_norm_mean,Vertical GRF,1.0029803222135636,0.1407946383957753,1.1151561518066964,0.8999569244707819,1.2,1.0
22,MTR40,40,loading_response,Loading response,apgrf_norm_mean,APGRF,-0.1409696484063234,-0.020218904040967,0.0286260736856771,-0.24174633388418,1.3,2.0
22,MTR40,40,loading_response,Loading response,ml_outward,ML outward,0.023452506396776,0.0029927722871126,0.1071295807330983,-0.0393548301952995,1.3,2.0
22,MTR40,40,loading_response,Loading response,vgrf_norm_mean,Vertical GRF,0.919575257860684,0.1317189836664188,1.3226408475125426,0.0331875993825005,1.3,2.0
22,MTR40,40,midstance,Midstance,apgrf_norm_mean,APGRF,-0.0564681968837824,-0.0105298739892109,0.0107148924393413,-0.1634679699484536,1.3,2.0
22,MTR40,40,midstance,Midstance,ml_outward,ML outward,0.0729996308494871,0.0138196739088003,0.1047226748135748,0.0523607879005991,1.3,2.0
22,MTR40,40,midstance,Midstance,vgrf_norm_mean,Vertical GRF,0.9439035193615468,0.1786533432787143,1.187958731361758,0.7834179402823616,1.3,2.0
22,MTR40,40,pre_swing,Pre-swing,apgrf_norm_mean,APGRF,0.1131715575312382,0.0160146743544465,0.2369383517693556,0.0014909273113561,1.3,2.0
22,MTR40,40,pre_swing,Pre-swing,ml_outward,ML outward,0.0143978970273904,0.0019689611795361,0.0416848338752168,-0.0068551616654044,1.3,2.0
22,MTR40,40,pre_swing,Pre-swing,vgrf_norm_mean,Vertical GRF,0.4915731556125278,0.0682852328954673,1.0702216895325385,0.0297830957295691,1.3,2.0
22,MTR40,40,terminal_stance,Terminal stance,apgrf_norm_mean,APGRF,0.0806136948980568,0.0111389919080514,0.1745979827346495,0.0160144825967656,1.3,2.0
22,MTR40,40,terminal_stance,Terminal stance,ml_outward,ML outward,0.0479876543804944,0.0067285216812182,0.0539181620459968,0.041462515109165,1.3,2.0
22,MTR40,40,terminal_stance,Terminal stance,vgrf_norm_mean,Vertical GRF,0.9884744277429108,0.1386113422620339,1.152040285165691,0.8461831216875373,1.3,2.0
22,MTR60,60,loading_response,Loading response,apgrf_norm_mean,APGRF,-0.1417700462414347,-0.0203601061719524,0.0366743150980463,-0.2439558275530938,1.45,3.0
22,MTR60,60,loading_response,Loading response,ml_outward,ML outward,0.0220436169937891,0.002744715700184,0.1131427665080868,-0.0375085186859556,1.45,3.0
22,MTR60,60,loading_response,Loading response,vgrf_norm_mean,Vertical GRF,0.9742144095408594,0.1398860456151169,1.375974261223113,0.0332557272300455,1.45,3.0
22,MTR60,60,midstance,Midstance,apgrf_norm_mean,APGRF,-0.0510616791515165,-0.0094874236849967,0.0136620958882817,-0.1586445249495867,1.45,3.0
22,MTR60,60,midstance,Midstance,ml_outward,ML outward,0.0708079796018004,0.0133815729426823,0.1108117903844828,0.0451928051510696,1.45,3.0
22,MTR60,60,midstance,Midstance,vgrf_norm_mean,Vertical GRF,0.9386042353312024,0.1776772967956484,1.1838219086904327,0.77633691384982,1.45,3.0
22,MTR60,60,pre_swing,Pre-swing,apgrf_norm_mean,APGRF,0.1086503165871894,0.0152494945410736,0.239250271042256,0.0022571938508774,1.45,3.0
22,MTR60,60,pre_swing,Pre-swing,ml_outward,ML outward,0.0109943261250303,0.001483316959688,0.0333824120662449,-0.0038427534204055,1.45,3.0
22,MTR60,60,pre_swing,Pre-swing,vgrf_norm_mean,Vertical GRF,0.4300930131723951,0.059375419212308,1.0150938858155367,0.0143464759821423,1.45,3.0
22,MTR60,60,terminal_stance,Terminal stance,apgrf_norm_mean,APGRF,0.0904840496743838,0.0125151948360901,0.1921808585447292,0.0193016644687542,1.45,3.0
22,MTR60,60,terminal_stance,Terminal stance,ml_outward,ML outward,0.0409699260004692,0.0057505018505502,0.0461166418011264,0.0346666221292741,1.45,3.0
22,MTR60,60,terminal_stance,Terminal stance,vgrf_norm_mean,Vertical GRF,0.9710573771091712,0.1362531890123769,1.1291227573491,0.8328011571061125,1.45,3.0
22,MTR80,80,loading_response,Loading response,apgrf_norm_mean,APGRF,-0.1525584789905176,-0.0218651141855401,0.0170300605142771,-0.2517409249931676,1.5,4.0
22,MTR80,80,loading_response,Loading response,ml_outward,ML outward,0.0259255109436022,0.0033126279396391,0.1151166195383215,-0.0291141153253584,1.5,4.0
22,MTR80,80,loading_response,Loading response,vgrf_norm_mean,Vertical GRF,1.016097104432954,0.145778663583783,1.420037032409088,0.0331749685342804,1.5,4.0
22,MTR80,80,midstance,Midstance,apgrf_norm_mean,APGRF,-0.0498433747592514,-0.0092190461639605,0.0254127919426555,-0.1753385495206096,1.5,4.0
22,MTR80,80,midstance,Midstance,ml_outward,ML outward,0.0726816504719767,0.0137451621730915,0.1108499611892205,0.0473836230715344,1.5,4.0
22,MTR80,80,midstance,Midstance,vgrf_norm_mean,Vertical GRF,0.9496363352835436,0.1795174319691373,1.2657558237141644,0.753006428521997,1.5,4.0
22,MTR80,80,pre_swing,Pre-swing,apgrf_norm_mean,APGRF,0.1034810776473213,0.0144434053105303,0.2364413712158865,0.0011465865050211,1.5,4.0
22,MTR80,80,pre_swing,Pre-swing,ml_outward,ML outward,0.0113010688347714,0.0015232112305718,0.0343625628589777,-0.0035295124776663,1.5,4.0
22,MTR80,80,pre_swing,Pre-swing,vgrf_norm_mean,Vertical GRF,0.401076048117417,0.0551700241434093,0.9902147364534264,0.008061878387211,1.5,4.0
22,MTR80,80,terminal_stance,Terminal stance,apgrf_norm_mean,APGRF,0.1016412655989238,0.0140843157145381,0.2013195134555949,0.0310553116044972,1.5,4.0
22,MTR80,80,terminal_stance,Terminal stance,ml_outward,ML outward,0.0418991224284736,0.0058759122921605,0.0476027909161798,0.0353784216294989,1.5,4.0
22,MTR80,80,terminal_stance,Terminal stance,vgrf_norm_mean,Vertical GRF,0.9610547157749711,0.1348958254588646,1.0975365120495042,0.8258645670112169,1.5,4.0
23,Baseline,0,loading_response,Loading response,apgrf_norm_mean,APGRF,-0.0346310435625336,-0.0047664980860132,0.0628833669241513,-0.0931824251107779,1.0,0.0
23,Baseline,0,loading_response,Loading response,ml_outward,ML outward,0.0054653705965694,0.0006297326422719,0.0500722549699925,-0.0390169129889355,1.0,0.0
23,Baseline,0,loading_response,Loading response,vgrf_norm_mean,Vertical GRF,0.4503379168593612,0.0635399278699083,0.7784443481076352,0.0237075836915368,1.0,0.0
23,Baseline,0,midstance,Midstance,apgrf_norm_mean,APGRF,-0.0362812625561287,-0.0068668520782009,0.0154004637542062,-0.0938079563810513,1.0,0.0
23,Baseline,0,midstance,Midstance,ml_outward,ML outward,0.0421878762614148,0.0080577607288193,0.0504601993322672,0.0350475923425533,1.0,0.0
23,Baseline,0,midstance,Midstance,vgrf_norm_mean,Vertical GRF,0.8669529132176721,0.1652939598458776,0.9311151661802995,0.7989805891065263,1.0,0.0
23,Baseline,0,pre_swing,Pre-swing,apgrf_norm_mean,APGRF,0.089819057990273,0.0129582196609956,0.1177550744072009,0.0200440321381495,1.0,0.0
23,Baseline,0,pre_swing,Pre-swing,ml_outward,ML outward,0.0257149379644321,0.0035735920224061,0.0444849192121648,0.0120330310087233,1.0,0.0
23,Baseline,0,pre_swing,Pre-swing,vgrf_norm_mean,Vertical GRF,0.6365664619375893,0.0897796258081017,0.9289727345743328,0.2120959619329862,1.0,0.0
23,Baseline,0,terminal_stance,Terminal stance,apgrf_norm_mean,APGRF,0.0490616309627504,0.0068809099258554,0.0769389753795356,0.018727968331896,1.0,0.0
23,Baseline,0,terminal_stance,Terminal stance,ml_outward,ML outward,0.0406629258895067,0.0056949147566658,0.0486119017502249,0.0338987175040673,1.0,0.0
23,Baseline,0,terminal_stance,Terminal stance,vgrf_norm_mean,Vertical GRF,0.8790333845785072,0.1231523220238584,0.9357337911747868,0.8075368069128872,1.0,0.0
23,MTR20,20,loading_response,Loading response,apgrf_norm_mean,APGRF,-0.0861272689952269,-0.0122944989750507,0.0441722797070945,-0.1556474553349026,1.05,1.0
23,MTR20,20,loading_response,Loading response,ml_outward,ML outward,0.0208059038660274,0.0028484316207143,0.0681619298251278,-0.0674103491463839,1.05,1.0
23,MTR20,20,loading_response,Loading response,vgrf_norm_mean,Vertical GRF,0.7297600687342388,0.1038564441701776,1.0988872086846229,0.0238036942290385,1.05,1.0
23,MTR20,20,midstance,Midstance,apgrf_norm_mean,APGRF,-0.0132581843231475,-0.0024353512521137,0.0648528867357322,-0.1081100092388929,1.05,1.0
23,MTR20,20,midstance,Midstance,ml_outward,ML outward,0.0520482037254045,0.0098859603980435,0.0612061093146023,0.0449112956514939,1.05,1.0
23,MTR20,20,midstance,Midstance,vgrf_norm_mean,Vertical GRF,0.9447833480543306,0.1786845044952972,1.0968579308921609,0.8648386809205204,1.05,1.0
23,MTR20,20,pre_swing,Pre-swing,apgrf_norm_mean,APGRF,0.1248563781687636,0.0177787264550027,0.1896242490220138,0.0278437393244956,1.05,1.0
23,MTR20,20,pre_swing,Pre-swing,ml_outward,ML outward,0.0186301628763256,0.0025643248849871,0.041309774309355,0.0047301349829896,1.05,1.0
23,MTR20,20,pre_swing,Pre-swing,vgrf_norm_mean,Vertical GRF,0.5113055577918337,0.0717679257990227,0.9008600723224464,0.0847215016280053,1.05,1.0
23,MTR20,20,terminal_stance,Terminal stance,apgrf_norm_mean,APGRF,0.1181961211881988,0.0165754004855268,0.1580149706201756,0.0727885679204262,1.05,1.0
23,MTR20,20,terminal_stance,Terminal stance,ml_outward,ML outward,0.053792410718401,0.0075913167969454,0.0586793533792948,0.0432787266855545,1.05,1.0
23,MTR20,20,terminal_stance,Terminal stance,vgrf_norm_mean,Vertical GRF,0.9950698345588114,0.1397292095094195,1.0437312903125002,0.8867625442963498,1.05,1.0
23,MTR40,40,loading_response,Loading response,apgrf_norm_mean,APGRF,-0.1158883196497602,-0.0164639058373412,0.042433588101496,-0.209846361071449,1.2,2.0
23,MTR40,40,loading_response,Loading response,ml_outward,ML outward,0.0215696656877243,0.0029231199157639,0.0889787126914861,-0.0838024405761828,1.2,2.0
23,MTR40,40,loading_response,Loading response,vgrf_norm_mean,Vertical GRF,0.8218893915172929,0.1169197087649248,1.248872386580295,0.0238676059535213,1.2,2.0
23,MTR40,40,midstance,Midstance,apgrf_norm_mean,APGRF,-0.0588728666842745,-0.0110743919283352,0.0230507863362005,-0.1630870680401402,1.2,2.0
23,MTR40,40,midstance,Midstance,ml_outward,ML outward,0.0597144039788661,0.0113775453175614,0.0719248405236845,0.0491245191606023,1.2,2.0
23,MTR40,40,midstance,Midstance,vgrf_norm_mean,Vertical GRF,0.9849632583623807,0.1861956067502731,1.2420907608141136,0.8705974672631076,1.2,2.0
23,MTR40,40,pre_swing,Pre-swing,apgrf_norm_mean,APGRF,0.1258351580885957,0.0179194651798902,0.198913926335796,0.0353918757707748,1.2,2.0
23,MTR40,40,pre_swing,Pre-swing,ml_outward,ML outward,0.0157101767131415,0.0021638858488998,0.034037427005949,0.0044907046083263,1.2,2.0
23,MTR40,40,pre_swing,Pre-swing,vgrf_norm_mean,Vertical GRF,0.5055146966342889,0.0710437238556034,0.8477088413565668,0.1089872865514151,1.2,2.0
23,MTR40,40,terminal_stance,Terminal stance,apgrf_norm_mean,APGRF,0.1010437525532685,0.0142223054062675,0.1573798205254562,0.0323490848703554,1.2,2.0
23,MTR40,40,terminal_stance,Terminal stance,ml_outward,ML outward,0.0484682343762291,0.0068316064667173,0.0537108397788844,0.0367889754381249,1.2,2.0
23,MTR40,40,terminal_stance,Terminal stance,vgrf_norm_mean,Vertical GRF,0.9677760653141608,0.1360867466852406,1.011379181077353,0.8574898296130211,1.2,2.0
23,MTR60,60,loading_response,Loading response,apgrf_norm_mean,APGRF,-0.1023703538712632,-0.014414862310079,0.0464766844181919,-0.2010128054026661,1.25,3.0
23,MTR60,60,loading_response,Loading response,ml_outward,ML outward,0.0144771571650203,0.0018707485220416,0.0897203180639889,-0.079129997886707,1.25,3.0
23,MTR60,60,loading_response,Loading response,vgrf_norm_mean,Vertical GRF,0.6746267428636656,0.095340434608247,1.1469500519851266,0.0237653122754403,1.25,3.0
23,MTR60,60,midstance,Midstance,apgrf_norm_mean,APGRF,-0.0575579068796955,-0.0107940834418557,0.0260033745481471,-0.1695029613648138,1.25,3.0
23,MTR60,60,midstance,Midstance,ml_outward,ML outward,0.0531861157387568,0.0101432317963976,0.0667631288341268,0.0399682363929333,1.25,3.0
23,MTR60,60,midstance,Midstance,vgrf_norm_mean,Vertical GRF,0.948388419258547,0.1796660006342427,1.1715013381134636,0.8023004634755693,1.25,3.0
23,MTR60,60,pre_swing,Pre-swing,apgrf_norm_mean,APGRF,0.1369254009431639,0.019663639148852,0.1987816446461168,0.0118981475861223,1.25,3.0
23,MTR60,60,pre_swing,Pre-swing,ml_outward,ML outward,0.0205771704907457,0.0028163159001203,0.0486596035436179,0.0053923311546795,1.25,3.0
23,MTR60,60,pre_swing,Pre-swing,vgrf_norm_mean,Vertical GRF,0.614335404090325,0.0864992612820042,1.0485367265257193,0.0816731397831861,1.25,3.0
23,MTR60,60,terminal_stance,Terminal stance,apgrf_norm_mean,APGRF,0.0950363773943913,0.0133206385303531,0.1535614695111001,0.0334021462500174,1.25,3.0
23,MTR60,60,terminal_stance,Terminal stance,ml_outward,ML outward,0.051211038057674,0.0071980769815305,0.0603020983587329,0.0423104445969247,1.25,3.0
23,MTR60,60,terminal_stance,Terminal stance,vgrf_norm_mean,Vertical GRF,1.0001561114730244,0.140441743159772,1.084243584618624,0.8573450928529649,1.25,3.0
23,MTR80,80,loading_response,Loading response,apgrf_norm_mean,APGRF,-0.1257222181721524,-0.0179789193170751,0.0212270529945325,-0.2179131552473587,1.3,4.0
23,MTR80,80,loading_response,Loading response,ml_outward,ML outward,0.0261840526466186,0.0035939525952856,0.0895530585563388,-0.0764087023422417,1.3,4.0
23,MTR80,80,loading_response,Loading response,vgrf_norm_mean,Vertical GRF,0.7942708991891043,0.1131140456764798,1.1847670387860336,0.0238312156499954,1.3,4.0
23,MTR80,80,midstance,Midstance,apgrf_norm_mean,APGRF,-0.0259587014126549,-0.0047805608825357,0.0669893347054364,-0.1492252147044899,1.3,4.0
23,MTR80,80,midstance,Midstance,ml_outward,ML outward,0.0565479765141711,0.0107451203681132,0.0666112990356952,0.0469635722642294,1.3,4.0
23,MTR80,80,midstance,Midstance,vgrf_norm_mean,Vertical GRF,0.8955496619317254,0.1689232056165936,1.1697707724370503,0.764544792013778,1.3,4.0
23,MTR80,80,pre_swing,Pre-swing,apgrf_norm_mean,APGRF,0.1537051653729462,0.021869212058499,0.2471658522745961,0.0201401747586596,1.3,4.0
23,MTR80,80,pre_swing,Pre-swing,ml_outward,ML outward,0.018350582558764,0.0025209528121453,0.0445782774848007,0.0017486368490419,1.3,4.0
23,MTR80,80,pre_swing,Pre-swing,vgrf_norm_mean,Vertical GRF,0.527400244244648,0.0739747652933098,0.9545902030354066,0.0743196803802335,1.3,4.0
23,MTR80,80,terminal_stance,Terminal stance,apgrf_norm_mean,APGRF,0.146051942976591,0.0204720737868742,0.2100271082984756,0.0771164236244046,1.3,4.0
23,MTR80,80,terminal_stance,Terminal stance,ml_outward,ML outward,0.0561938567064502,0.0079314012650456,0.0621712832348899,0.0458233311453137,1.3,4.0
23,MTR80,80,terminal_stance,Terminal stance,vgrf_norm_mean,Vertical GRF,0.9906076219653565,0.1392130146792788,1.059054760356465,0.8946635704021165,1.3,4.0
24,Baseline,0,loading_response,Loading response,apgrf_norm_mean,APGRF,-0.044410249047343,-0.0059979513547736,0.0854582316392309,-0.1391680754176175,1.0,0.0
24,Baseline,0,loading_response,Loading response,ml_outward,ML outward,0.0306144910523764,0.0041335158062115,0.0925332900636123,-0.0053472674827312,1.0,0.0
24,Baseline,0,loading_response,Loading response,vgrf_norm_mean,Vertical GRF,0.4716047771529205,0.0660991043744901,0.911376013360106,0.0169464263294928,1.0,0.0
24,Baseline,0,midstance,Midstance,apgrf_norm_mean,APGRF,-0.0663725548419544,-0.0126043228524295,0.0013237184710051,-0.1353613416632656,1.0,0.0
24,Baseline,0,midstance,Midstance,ml_outward,ML outward,0.0713207613068726,0.0135007221186265,0.0950546692402977,0.0546575611702041,1.0,0.0
24,Baseline,0,midstance,Midstance,vgrf_norm_mean,Vertical GRF,0.9152567679010212,0.1741120036248681,1.0220670601398227,0.8307349620173456,1.0,0.0
24,Baseline,0,pre_swing,Pre-swing,apgrf_norm_mean,APGRF,0.1199914932289367,0.0171868338902323,0.1519432965830194,0.0540735583914141,1.0,0.0
24,Baseline,0,pre_swing,Pre-swing,ml_outward,ML outward,0.068390923946532,0.0096482896734462,0.108740401770037,0.0146307077365647,1.0,0.0
24,Baseline,0,pre_swing,Pre-swing,vgrf_norm_mean,Vertical GRF,0.7209010180978237,0.1019856530811371,1.0641830756070572,0.1657168511002303,1.0,0.0
24,Baseline,0,terminal_stance,Terminal stance,apgrf_norm_mean,APGRF,0.0516730612821365,0.0072110864983447,0.1006396732405681,0.0073348655545827,1.0,0.0
24,Baseline,0,terminal_stance,Terminal stance,ml_outward,ML outward,0.0782922090637706,0.0109291372780148,0.104862222887794,0.0580765934223506,1.0,0.0
24,Baseline,0,terminal_stance,Terminal stance,vgrf_norm_mean,Vertical GRF,0.9566160157313828,0.1339419234018095,1.061745248538713,0.8483505430408622,1.0,0.0
24,MTR20,20,loading_response,Loading response,apgrf_norm_mean,APGRF,-0.0921166861054113,-0.013090905553514,0.0661448162020108,-0.182250517226831,1.1,1.0
24,MTR20,20,loading_response,Loading response,ml_outward,ML outward,0.0541305034732073,0.0074945345672196,0.1378231714081185,-0.0106243257901608,1.1,1.0
24,MTR20,20,loading_response,Loading response,vgrf_norm_mean,Vertical GRF,0.7282628896649029,0.1033114044719301,1.174421849915444,0.0167898370641587,1.1,1.0
24,MTR20,20,midstance,Midstance,apgrf_norm_mean,APGRF,-0.0598886529663005,-0.0112984604501032,0.0015293329794413,-0.1387907256535208,1.1,1.0
24,MTR20,20,midstance,Midstance,ml_outward,ML outward,0.087306172809647,0.0164674954489486,0.1285753570742682,0.0694653942996555,1.1,1.0
24,MTR20,20,midstance,Midstance,vgrf_norm_mean,Vertical GRF,0.9789255293919756,0.1853578043770907,1.249735152995895,0.8073191042129538,1.1,1.0
24,MTR20,20,pre_swing,Pre-swing,apgrf_norm_mean,APGRF,0.1048459069714893,0.0150425311934896,0.1505950468689676,0.0147980725908854,1.1,1.0
24,MTR20,20,pre_swing,Pre-swing,ml_outward,ML outward,0.0536407765144945,0.0074970758919794,0.1066186106865024,0.0031895063524416,1.1,1.0
24,MTR20,20,pre_swing,Pre-swing,vgrf_norm_mean,Vertical GRF,0.5133766463856968,0.0722618073386929,0.8989741551944821,0.0499637686378347,1.1,1.0
24,MTR20,20,terminal_stance,Terminal stance,apgrf_norm_mean,APGRF,0.0599735520970082,0.0083855260112343,0.1137049652926414,0.0083963953707344,1.1,1.0
24,MTR20,20,terminal_stance,Terminal stance,ml_outward,ML outward,0.0924939351497806,0.0129655738672953,0.1094499224219618,0.0714288155229581,1.1,1.0
24,MTR20,20,terminal_stance,Terminal stance,vgrf_norm_mean,Vertical GRF,0.9416159595105263,0.132029624621066,1.0538240530262384,0.8134458770135898,1.1,1.0
24,MTR40,40,loading_response,Loading response,apgrf_norm_mean,APGRF,-0.098077624350074,-0.0138097484130566,0.0606963630498152,-0.2007950251796631,1.2,2.0
24,MTR40,40,loading_response,Loading response,ml_outward,ML outward,0.0542186122317473,0.0074139511490307,0.1502692535811,-0.0114705243859226,1.2,2.0
24,MTR40,40,loading_response,Loading response,vgrf_norm_mean,Vertical GRF,0.713227702790437,0.1008301083673463,1.2139749251581984,0.0168344850856537,1.2,2.0
24,MTR40,40,midstance,Midstance,apgrf_norm_mean,APGRF,-0.0763650232750094,-0.0144024174671799,-0.0036348082617221,-0.170482629302662,1.2,2.0
24,MTR40,40,midstance,Midstance,ml_outward,ML outward,0.0945302551755593,0.017825426219053,0.1475978502963812,0.0676771488732046,1.2,2.0
24,MTR40,40,midstance,Midstance,vgrf_norm_mean,Vertical GRF,0.9697744559668932,0.1839913962988293,1.2684930687749143,0.7502266594202542,1.2,2.0
24,MTR40,40,pre_swing,Pre-swing,apgrf_norm_mean,APGRF,0.1354755306747506,0.0194678370141415,0.1984730198872876,0.0167391628626497,1.2,2.0
24,MTR40,40,pre_swing,Pre-swing,ml_outward,ML outward,0.0609612474403627,0.0085305021882363,0.1199891020151912,0.0028792839699307,1.2,2.0
24,MTR40,40,pre_swing,Pre-swing,vgrf_norm_mean,Vertical GRF,0.5709433575724829,0.0804372910231468,1.0020216217508384,0.0416129569778896,1.2,2.0
24,MTR40,40,terminal_stance,Terminal stance,apgrf_norm_mean,APGRF,0.061450116362332,0.0085022549088355,0.1412576298712914,0.001794879231557,1.2,2.0
24,MTR40,40,terminal_stance,Terminal stance,ml_outward,ML outward,0.0936016929751345,0.0130916914072145,0.1207210663799267,0.0682633247809077,1.2,2.0
24,MTR40,40,terminal_stance,Terminal stance,vgrf_norm_mean,Vertical GRF,0.8988066023177417,0.1259020132181379,1.0146436251420226,0.7439005468375834,1.2,2.0
24,MTR60,60,loading_response,Loading response,apgrf_norm_mean,APGRF,-0.1266743520890247,-0.0176823823490091,0.0569788173146851,-0.2700262823117157,1.25,3.0
24,MTR60,60,loading_response,Loading response,ml_outward,ML outward,0.0602316319606076,0.0082601984016922,0.1585518745097265,-0.0125889563765852,1.25,3.0
24,MTR60,60,loading_response,Loading response,vgrf_norm_mean,Vertical GRF,0.7698557315040817,0.1083683382875225,1.4051173602796427,0.0168869273383008,1.25,3.0
24,MTR60,60,midstance,Midstance,apgrf_norm_mean,APGRF,-0.0979678942746935,-0.0183264725958867,-0.0006628013648679,-0.2527584504455225,1.25,3.0
24,MTR60,60,midstance,Midstance,ml_outward,ML outward,0.0885277678651663,0.0166450998378326,0.1522796557629991,0.057136828614352,1.25,3.0
24,MTR60,60,midstance,Midstance,vgrf_norm_mean,Vertical GRF,0.9332782267413796,0.1766396193937133,1.4250633762013865,0.5691025090105355,1.25,3.0
24,MTR60,60,pre_swing,Pre-swing,apgrf_norm_mean,APGRF,0.1722407013467097,0.0247030305875801,0.2610758014709183,0.0146444602184678,1.25,3.0
24,MTR60,60,pre_swing,Pre-swing,ml_outward,ML outward,0.0622189625764608,0.0087013503996659,0.1246299343355562,0.0023980508242408,1.25,3.0
24,MTR60,60,pre_swing,Pre-swing,vgrf_norm_mean,Vertical GRF,0.6260920198727162,0.0880729553524928,1.1386284803577855,0.0351786609351174,1.25,3.0
24,MTR60,60,terminal_stance,Terminal stance,apgrf_norm_mean,APGRF,0.0755408955531636,0.0103517857129285,0.1933711369643282,0.0024985870448624,1.25,3.0
24,MTR60,60,terminal_stance,Terminal stance,ml_outward,ML outward,0.0918010778645537,0.0128431128253623,0.1251401406209141,0.0606203926613339,1.25,3.0
24,MTR60,60,terminal_stance,Terminal stance,vgrf_norm_mean,Vertical GRF,0.8715167652339029,0.122064788281225,1.1425186068314046,0.5973416987247065,1.25,3.0
24,MTR80,80,loading_response,Loading response,apgrf_norm_mean,APGRF,-0.1240201473208987,-0.0171533371749093,0.0656446073960978,-0.2935587131475295,1.4,4.0
24,MTR80,80,loading_response,Loading response,ml_outward,ML outward,0.0569721207583297,0.0077542001181107,0.1596398051678836,-0.0192750270784968,1.4,4.0
24,MTR80,80,loading_response,Loading response,vgrf_norm_mean,Vertical GRF,0.7366089397769762,0.1032422486958041,1.4327811904432668,0.017037263705192,1.4,4.0
24,MTR80,80,midstance,Midstance,apgrf_norm_mean,APGRF,-0.1096434447153222,-0.020506498381901,-0.0016027752890244,-0.2826092263480157,1.4,4.0
24,MTR80,80,midstance,Midstance,ml_outward,ML outward,0.0875899369445706,0.0164611421306989,0.1552649081546053,0.0511498199529852,1.4,4.0
24,MTR80,80,midstance,Midstance,vgrf_norm_mean,Vertical GRF,0.9053997122612808,0.1712720419408473,1.45039038676049,0.5002745394246363,1.4,4.0
24,MTR80,80,pre_swing,Pre-swing,apgrf_norm_mean,APGRF,0.1872654876688794,0.0268736742973325,0.2789675582896302,0.0178817760060656,1.4,4.0
24,MTR80,80,pre_swing,Pre-swing,ml_outward,ML outward,0.0700126805773103,0.0098095241164288,0.1368898076577675,0.0029722743605408,1.4,4.0
24,MTR80,80,pre_swing,Pre-swing,vgrf_norm_mean,Vertical GRF,0.6915004839544934,0.0973042802946531,1.242826698730676,0.0475395159588392,1.4,4.0
24,MTR80,80,terminal_stance,Terminal stance,apgrf_norm_mean,APGRF,0.0722452786311704,0.0098183137963745,0.2035573239706805,-0.0012610496865539,1.4,4.0
24,MTR80,80,terminal_stance,Terminal stance,ml_outward,ML outward,0.092474860916037,0.012908969578091,0.1350055322724041,0.0575273894236676,1.4,4.0
24,MTR80,80,terminal_stance,Terminal stance,vgrf_norm_mean,Vertical GRF,0.8727272728531337,0.1221110805922293,1.236775281177824,0.5272191739101725,1.4,4.0
